"delv_plt","material","ship_to","qty"
2,"Motorcycles","NYC",30
5,"Motorcycles","Reims",34
2,"Motorcycles","Paris",41
6,"Motorcycles","Pasadena",45
14,"Motorcycles","San Francisco",49
1,"Motorcycles","Burlingame",36
9,"Motorcycles","Lille",29
1,"Motorcycles","Bergen",48
2,"Motorcycles","San Francisco",22
14,"Motorcycles","Paris",41
1,"Motorcycles","Melbourne",37
7,"Motorcycles","NYC",23
2,"Motorcycles","Newark",28
2,"Motorcycles","Bridgewater",34
1,"Motorcycles","Nantes",45
6,"Motorcycles","Cambridge",36
9,"Motorcycles","Helsinki",23
5,"Motorcycles","Stavern",41
1,"Motorcycles","Allentown",46
1,"Motorcycles","NYC",42
9,"Motorcycles","Salzburg",41
13,"Motorcycles","Chatswood",20
12,"Motorcycles","Nantes",21
4,"Motorcycles","New Bedford",42
7,"Motorcycles","Liverpool",24
2,"Motorcycles","Madrid",66
11,"Classic Cars","Stavern",26
1,"Classic Cars","Lule",29
11,"Classic Cars","Madrid",38
11,"Classic Cars","Burlingame",37
8,"Classic Cars","Singapore",45
1,"Classic Cars","NYC",21
4,"Classic Cars","South Brisbane",34
8,"Classic Cars","Philadelphia",23
11,"Classic Cars","Lyon",42
6,"Classic Cars","Vancouver",47
3,"Classic Cars","Burbank",35
2,"Classic Cars","Cambridge",29
9,"Classic Cars","New Haven",34
6,"Classic Cars","Minato-ku",32
9,"Classic Cars","Chatswood",21
2,"Classic Cars","Torino",34
11,"Classic Cars","Boras",37
6,"Classic Cars","Versailles",47
3,"Classic Cars","San Rafael",48
1,"Classic Cars","Nashua",40
3,"Classic Cars","San Francisco",26
1,"Classic Cars","Melbourne",30
10,"Classic Cars","San Rafael",32
2,"Classic Cars","Brickhaven",41
3,"Classic Cars","San Francisco",36
4,"Classic Cars","North Sydney",24
9,"Classic Cars","Montreal",23
6,"Classic Cars","Madrid",50
5,"Motorcycles","NYC",39
3,"Motorcycles","Melbourne",29
5,"Motorcycles","Paris",27
9,"Motorcycles","Pasadena",37
17,"Motorcycles","San Francisco",37
4,"Motorcycles","Burlingame",27
12,"Motorcycles","Lille",42
4,"Motorcycles","Bergen",38
5,"Motorcycles","San Francisco",24
2,"Motorcycles","Osaka",23
4,"Motorcycles","Melbourne",47
1,"Motorcycles","Philadelphia",22
5,"Motorcycles","Newark",44
5,"Motorcycles","Bridgewater",40
4,"Motorcycles","Nantes",22
9,"Motorcycles","Cambridge",47
1,"Motorcycles","Nantes",39
2,"Motorcycles","White Plains",34
4,"Motorcycles","Allentown",45
2,"Motorcycles","NYC",20
4,"Motorcycles","Minato-ku",40
8,"Motorcycles","Chatswood",26
5,"Motorcycles","South Brisbane",39
5,"Motorcycles","New Bedford",50
1,"Motorcycles","Paris",45
5,"Motorcycles","Madrid",45
4,"Motorcycles","NYC",27
2,"Motorcycles","Melbourne",46
4,"Motorcycles","Paris",31
8,"Motorcycles","Pasadena",33
16,"Motorcycles","San Francisco",22
3,"Motorcycles","Burlingame",20
11,"Motorcycles","Lille",41
3,"Motorcycles","Bergen",45
4,"Motorcycles","San Francisco",49
1,"Motorcycles","Osaka",34
3,"Motorcycles","Melbourne",49
9,"Motorcycles","NYC",39
4,"Motorcycles","Newark",43
4,"Motorcycles","Bridgewater",41
3,"Motorcycles","Nantes",36
8,"Motorcycles","Cambridge",27
11,"Motorcycles","Helsinki",29
1,"Motorcycles","White Plains",20
3,"Motorcycles","Allentown",37
3,"Motorcycles","NYC",26
3,"Motorcycles","Minato-ku",39
4,"Motorcycles","Burlingame",22
1,"Motorcycles","South Brisbane",22
7,"Motorcycles","New Bedford",21
9,"Motorcycles","Liverpool",66
4,"Motorcycles","Madrid",56
2,"Classic Cars","Kobenhavn",50
11,"Classic Cars","Salzburg",46
2,"Classic Cars","London",33
15,"Classic Cars","New Bedford",49
13,"Classic Cars","Helsinki",32
9,"Classic Cars","Boras",44
12,"Classic Cars","Toulouse",24
9,"Classic Cars","London",26
6,"Classic Cars","Barcelona",45
8,"Classic Cars","Los Angeles",39
12,"Classic Cars","San Diego",49
3,"Classic Cars","NYC",20
1,"Classic Cars","Montreal",27
4,"Classic Cars","Bruxelles",30
6,"Classic Cars","Tsawassen",25
1,"Classic Cars","Boston",24
9,"Classic Cars","Philadelphia",22
17,"Classic Cars","Cowes",33
6,"Classic Cars","Stavern",47
8,"Classic Cars","NYC",25
5,"Classic Cars","Madrid",26
6,"Classic Cars","Reims",48
3,"Classic Cars","Oulu",39
4,"Classic Cars","San Francisco",34
2,"Classic Cars","Paris",32
9,"Classic Cars","San Jose",64
3,"Classic Cars","Boston",19
4,"Classic Cars","Stavern",42
8,"Classic Cars","Paris",31
4,"Classic Cars","Madrid",22
4,"Classic Cars","Burlingame",26
1,"Classic Cars","Singapore",20
2,"Classic Cars","Graz",21
9,"Classic Cars","London",33
1,"Classic Cars","Philadelphia",28
4,"Classic Cars","Lyon",26
15,"Classic Cars","Boston",31
4,"Classic Cars","Singapore",48
9,"Classic Cars","San Rafael",50
2,"Classic Cars","New Haven",28
12,"Classic Cars","Singapore",26
2,"Classic Cars","Chatswood",32
9,"Classic Cars","Allentown",44
4,"Classic Cars","Boras",30
13,"Classic Cars","Cambridge",38
7,"Classic Cars","Vancouver",40
8,"Classic Cars","Nashua",46
2,"Classic Cars","Lule",26
2,"Classic Cars","Melbourne",27
9,"Classic Cars","San Rafael",43
4,"Classic Cars","North Sydney",35
6,"Classic Cars","San Francisco",37
7,"Classic Cars","North Sydney",37
2,"Classic Cars","Montreal",27
12,"Classic Cars","Nantes",38
6,"Classic Cars","Makati City",33
10,"Classic Cars","Marseille",42
7,"Classic Cars","San Rafael",42
7,"Classic Cars","Brickhaven",48
2,"Classic Cars","San Francisco",41
2,"Classic Cars","North Sydney",30
14,"Classic Cars","Bergen",27
3,"Classic Cars","Koln",21
8,"Classic Cars","Madrid",20
2,"Classic Cars","Paris",41
9,"Classic Cars","Gensve",27
3,"Classic Cars","Kobenhavn",28
13,"Classic Cars","Liverpool",24
14,"Classic Cars","Reggio Emilia",44
3,"Classic Cars","Brickhaven",50
12,"Classic Cars","Gensve",21
5,"Classic Cars","Frankfurt",33
10,"Classic Cars","Koln",33
3,"Classic Cars","Lule",31
5,"Classic Cars","NYC",41
2,"Classic Cars","Salzburg",45
3,"Classic Cars","Espoo",33
7,"Classic Cars","Nantes",45
4,"Classic Cars","Boras",26
13,"Classic Cars","Salzburg",12
15,"Classic Cars","Kobenhavn",41
9,"Classic Cars","Singapore",33
2,"Classic Cars","NYC",46
12,"Classic Cars","San Rafael",33
11,"Classic Cars","Madrid",20
3,"Classic Cars","Singapore",44
2,"Classic Cars","Reggio Emilia",33
13,"Classic Cars","New Bedford",21
5,"Classic Cars","New Haven",47
13,"Classic Cars","Lyon",46
2,"Classic Cars","Dublin",32
2,"Classic Cars","Madrid",42
2,"Classic Cars","Espoo",44
2,"Classic Cars","Allentown",35
5,"Classic Cars","San Rafael",41
8,"Classic Cars","Torino",46
13,"Classic Cars","Manchester",31
5,"Classic Cars","Aaarhus",38
8,"Classic Cars","Stavern",42
10,"Classic Cars","Paris",33
8,"Classic Cars","Madrid",48
8,"Classic Cars","Reims",42
6,"Classic Cars","San Rafael",32
10,"Classic Cars","San Rafael",34
1,"Classic Cars","Paris",33
2,"Classic Cars","Bridgewater",36
8,"Trucks and Buses","Stavern",27
2,"Trucks and Buses","San Rafael",21
8,"Trucks and Buses","Madrid",21
8,"Trucks and Buses","Burlingame",38
5,"Trucks and Buses","Singapore",30
6,"Trucks and Buses","Graz",49
1,"Trucks and Buses","South Brisbane",43
5,"Trucks and Buses","Philadelphia",41
8,"Trucks and Buses","Lyon",38
3,"Trucks and Buses","Vancouver",28
1,"Trucks and Buses","Versailles",43
13,"Trucks and Buses","San Rafael",25
6,"Trucks and Buses","New Haven",38
3,"Trucks and Buses","Minato-ku",41
6,"Trucks and Buses","Chatswood",28
13,"Trucks and Buses","Allentown",25
8,"Trucks and Buses","Boras",41
3,"Trucks and Buses","Versailles",39
11,"Trucks and Buses","Vancouver",21
9,"Trucks and Buses","Nashua",27
6,"Trucks and Buses","San Francisco",33
3,"Trucks and Buses","Melbourne",29
8,"Trucks and Buses","San Rafael",49
8,"Trucks and Buses","North Sydney",49
1,"Trucks and Buses","San Francisco",20
9,"Trucks and Buses","North Sydney",39
6,"Trucks and Buses","Montreal",40
3,"Trucks and Buses","Madrid",49
1,"Motorcycles","NYC",21
4,"Motorcycles","Reims",50
1,"Motorcycles","Paris",20
5,"Motorcycles","Pasadena",49
13,"Motorcycles","San Francisco",38
13,"Motorcycles","North Sydney",35
8,"Motorcycles","Lille",40
1,"Motorcycles","Pasadena",28
1,"Motorcycles","San Francisco",25
13,"Motorcycles","Paris",36
6,"Motorcycles","Lille",43
6,"Motorcycles","NYC",32
1,"Motorcycles","Newark",46
1,"Motorcycles","Bridgewater",48
14,"Motorcycles","Brickhaven",43
5,"Motorcycles","Cambridge",49
8,"Motorcycles","Helsinki",24
4,"Motorcycles","Stavern",26
9,"Motorcycles","NYC",30
6,"Motorcycles","NYC",24
8,"Motorcycles","Salzburg",55
1,"Motorcycles","Burlingame",22
13,"Motorcycles","Nantes",49
6,"Motorcycles","New Bedford",44
6,"Motorcycles","Liverpool",66
1,"Motorcycles","Madrid",21
1,"Classic Cars","Madrid",34
10,"Classic Cars","Singapore",43
3,"Classic Cars","NYC",46
13,"Classic Cars","San Rafael",33
12,"Classic Cars","Madrid",42
4,"Classic Cars","Singapore",34
3,"Classic Cars","Reggio Emilia",47
14,"Classic Cars","New Bedford",33
6,"Classic Cars","New Haven",24
14,"Classic Cars","Lyon",26
3,"Classic Cars","Dublin",30
1,"Classic Cars","Frankfurt",43
3,"Classic Cars","Espoo",25
3,"Classic Cars","Allentown",27
6,"Classic Cars","San Rafael",27
9,"Classic Cars","Torino",24
14,"Classic Cars","Manchester",34
6,"Classic Cars","Aaarhus",46
1,"Classic Cars","NYC",27
11,"Classic Cars","Paris",33
4,"Classic Cars","Madrid",47
5,"Classic Cars","Madrid",49
4,"Classic Cars","Minato-ku",40
11,"Classic Cars","San Rafael",37
3,"Classic Cars","Bridgewater",47
4,"Classic Cars","Makati City",45
8,"Classic Cars","Marseille",37
5,"Classic Cars","San Rafael",48
5,"Classic Cars","Brickhaven",31
6,"Classic Cars","Los Angeles",46
4,"Classic Cars","Graz",47
12,"Classic Cars","Bergen",28
1,"Classic Cars","Koln",40
6,"Classic Cars","Madrid",20
16,"Classic Cars","Madrid",39
7,"Classic Cars","Gensve",25
1,"Classic Cars","Kobenhavn",29
11,"Classic Cars","Liverpool",22
12,"Classic Cars","Reggio Emilia",22
1,"Classic Cars","Brickhaven",47
10,"Classic Cars","Gensve",45
3,"Classic Cars","Frankfurt",29
8,"Classic Cars","Koln",24
1,"Classic Cars","Lule",35
13,"Classic Cars","NYC",46
1,"Classic Cars","Salzburg",44
4,"Classic Cars","Espoo",34
1,"Classic Cars","Glendale",35
6,"Classic Cars","Boras",25
11,"Classic Cars","Salzburg",10
14,"Classic Cars","Kobenhavn",29
8,"Classic Cars","Singapore",39
1,"Classic Cars","NYC",42
11,"Classic Cars","San Rafael",46
10,"Classic Cars","Madrid",49
2,"Classic Cars","Singapore",27
1,"Classic Cars","Reggio Emilia",50
12,"Classic Cars","New Bedford",43
4,"Classic Cars","New Haven",38
12,"Classic Cars","Lyon",20
1,"Classic Cars","Dublin",27
1,"Classic Cars","Madrid",49
1,"Classic Cars","Espoo",27
1,"Classic Cars","Allentown",39
4,"Classic Cars","San Rafael",24
7,"Classic Cars","Torino",45
12,"Classic Cars","Manchester",20
4,"Classic Cars","Aaarhus",36
1,"Classic Cars","Stavern",24
1,"Classic Cars","Paris",49
10,"Classic Cars","NYC",26
5,"Classic Cars","Reims",49
1,"Classic Cars","Minato-ku",34
12,"Classic Cars","San Rafael",34
3,"Classic Cars","San Rafael",33
1,"Classic Cars","Bridgewater",22
7,"Classic Cars","Makati City",39
11,"Classic Cars","Marseille",32
8,"Classic Cars","San Rafael",24
8,"Classic Cars","Brickhaven",21
3,"Classic Cars","San Francisco",24
3,"Classic Cars","North Sydney",36
15,"Classic Cars","Bergen",20
4,"Classic Cars","Koln",30
9,"Classic Cars","Madrid",44
3,"Classic Cars","Paris",28
10,"Classic Cars","Gensve",37
4,"Classic Cars","Kobenhavn",20
14,"Classic Cars","Liverpool",25
15,"Classic Cars","Reggio Emilia",35
4,"Classic Cars","Brickhaven",38
13,"Classic Cars","Gensve",41
6,"Classic Cars","Frankfurt",22
11,"Classic Cars","Koln",49
4,"Classic Cars","Lule",38
14,"Classic Cars","NYC",33
10,"Classic Cars","Salzburg",36
5,"Classic Cars","Espoo",34
5,"Classic Cars","Helsinki",24
7,"Classic Cars","Boras",36
14,"Classic Cars","Salzburg",34
9,"Trucks and Buses","Madrid",41
5,"Trucks and Buses","NYC",46
11,"Trucks and Buses","NYC",24
5,"Trucks and Buses","Espoo",21
3,"Trucks and Buses","Oulu",24
12,"Trucks and Buses","Singapore",48
1,"Trucks and Buses","London",26
6,"Trucks and Buses","Sevilla",37
6,"Trucks and Buses","White Plains",49
7,"Trucks and Buses","Boston",34
2,"Trucks and Buses","Brisbane",48
1,"Trucks and Buses","San Rafael",36
5,"Trucks and Buses","Madrid",46
4,"Trucks and Buses","Singapore",46
5,"Trucks and Buses","San Rafael",31
1,"Trucks and Buses","Allentown",41
8,"Trucks and Buses","NYC",21
5,"Trucks and Buses","Cambridge",38
14,"Trucks and Buses","Aaarhus",45
7,"Trucks and Buses","NYC",26
3,"Trucks and Buses","Paris",38
9,"Trucks and Buses","NYC",48
9,"Trucks and Buses","Madrid",42
4,"Trucks and Buses","San Rafael",49
13,"Trucks and Buses","San Rafael",32
5,"Trucks and Buses","Madrid",54
4,"Trucks and Buses","Nantes",33
3,"Classic Cars","Makati City",36
7,"Classic Cars","Marseille",20
4,"Classic Cars","San Rafael",29
4,"Classic Cars","Brickhaven",33
5,"Classic Cars","Los Angeles",50
3,"Classic Cars","Graz",41
11,"Classic Cars","Bergen",36
16,"Classic Cars","Nashua",27
5,"Classic Cars","Madrid",47
15,"Classic Cars","Madrid",33
6,"Classic Cars","Gensve",21
5,"Classic Cars","Oulu",21
10,"Classic Cars","Liverpool",41
11,"Classic Cars","Reggio Emilia",40
1,"Classic Cars","Singapore",28
9,"Classic Cars","Gensve",23
2,"Classic Cars","Frankfurt",23
7,"Classic Cars","Koln",25
15,"Classic Cars","New Bedford",24
15,"Classic Cars","NYC",39
7,"Classic Cars","Salzburg",55
6,"Classic Cars","Espoo",46
1,"Classic Cars","Helsinki",50
8,"Classic Cars","Boras",47
5,"Classic Cars","Strasbourg",97
10,"Classic Cars","Salzburg",32
10,"Trucks and Buses","Stavern",35
4,"Trucks and Buses","San Rafael",49
10,"Trucks and Buses","Madrid",38
10,"Trucks and Buses","Burlingame",32
7,"Trucks and Buses","Singapore",34
8,"Trucks and Buses","Graz",36
3,"Trucks and Buses","South Brisbane",48
7,"Trucks and Buses","Philadelphia",21
10,"Trucks and Buses","Lyon",21
5,"Trucks and Buses","Vancouver",34
2,"Trucks and Buses","Burbank",46
1,"Trucks and Buses","Cambridge",32
8,"Trucks and Buses","New Haven",29
5,"Trucks and Buses","Minato-ku",41
8,"Trucks and Buses","Chatswood",43
1,"Trucks and Buses","Torino",24
10,"Trucks and Buses","Boras",41
5,"Trucks and Buses","Versailles",46
2,"Trucks and Buses","San Rafael",32
10,"Trucks and Buses","Nashua",22
7,"Trucks and Buses","San Francisco",29
5,"Trucks and Buses","Melbourne",42
1,"Trucks and Buses","San Rafael",39
1,"Trucks and Buses","North Sydney",27
2,"Trucks and Buses","San Francisco",48
10,"Trucks and Buses","North Sydney",29
8,"Trucks and Buses","Montreal",27
5,"Trucks and Buses","Madrid",54
4,"Classic Cars","Philadelphia",26
2,"Classic Cars","Marseille",34
2,"Classic Cars","Toulouse",25
13,"Classic Cars","North Sydney",23
12,"Classic Cars","Aaarhus",28
2,"Classic Cars","Montreal",35
6,"Classic Cars","Bergen",44
11,"Classic Cars","Nashua",22
17,"Classic Cars","NYC",42
10,"Classic Cars","Madrid",29
1,"Classic Cars","Gensve",32
3,"Classic Cars","Osaka",41
5,"Classic Cars","Liverpool",26
6,"Classic Cars","Reggio Emilia",21
6,"Classic Cars","Las Vegas",34
4,"Classic Cars","Gensve",41
8,"Classic Cars","Oslo",37
2,"Classic Cars","Koln",37
10,"Classic Cars","New Bedford",41
6,"Classic Cars","Philadelphia",46
2,"Classic Cars","Melbourne",40
8,"Classic Cars","Paris",43
1,"Classic Cars","New Bedford",30
2,"Classic Cars","Helsinki",35
14,"Classic Cars","San Rafael",36
3,"Classic Cars","Kobenhavn",61
5,"Classic Cars","Salzburg",38
2,"Vintage Cars","NYC",39
6,"Vintage Cars","San Francisco",33
1,"Vintage Cars","Melbourne",32
7,"Vintage Cars","Chatswood",31
4,"Vintage Cars","Brisbane",50
2,"Vintage Cars","San Francisco",48
6,"Vintage Cars","Bergamo",43
3,"Vintage Cars","San Rafael",25
7,"Vintage Cars","Glen Waverly",28
2,"Vintage Cars","Madrid",36
10,"Vintage Cars","Burbank",27
3,"Vintage Cars","Lyon",25
7,"Vintage Cars","Madrid",40
2,"Vintage Cars","Kobenhavn",34
9,"Vintage Cars","Torino",50
2,"Vintage Cars","Bergen",38
13,"Vintage Cars","Versailles",37
10,"Vintage Cars","San Rafael",43
14,"Vintage Cars","Nashua",43
15,"Vintage Cars","Manchester",46
3,"Vintage Cars","Las Vegas",42
9,"Vintage Cars","Paris",50
8,"Vintage Cars","Brickhaven",44
13,"Vintage Cars","Madrid",27
2,"Vintage Cars","North Sydney",35
2,"Vintage Cars","Allentown",51
1,"Vintage Cars","NYC",41
5,"Vintage Cars","San Francisco",48
17,"Vintage Cars","Madrid",42
6,"Vintage Cars","Chatswood",49
3,"Vintage Cars","Brisbane",30
1,"Vintage Cars","San Francisco",45
5,"Vintage Cars","Bergamo",48
2,"Vintage Cars","San Rafael",32
6,"Vintage Cars","Glen Waverly",46
1,"Vintage Cars","Madrid",48
9,"Vintage Cars","Burbank",33
2,"Vintage Cars","Lyon",31
6,"Vintage Cars","Madrid",20
1,"Vintage Cars","Kobenhavn",29
8,"Vintage Cars","Torino",27
1,"Vintage Cars","Bergen",24
12,"Vintage Cars","Versailles",37
9,"Vintage Cars","San Rafael",25
5,"Vintage Cars","Nashua",41
16,"Vintage Cars","Manchester",27
7,"Vintage Cars","Melbourne",21
6,"Vintage Cars","Paris",22
7,"Vintage Cars","Brickhaven",32
9,"Vintage Cars","San Francisco",25
3,"Vintage Cars","North Sydney",42
1,"Vintage Cars","Allentown",25
16,"Classic Cars","Manchester",37
2,"Classic Cars","Nantes",26
2,"Classic Cars","Reims",44
9,"Classic Cars","North Sydney",47
8,"Classic Cars","Aaarhus",43
6,"Classic Cars","Bridgewater",42
2,"Classic Cars","Bergen",42
7,"Classic Cars","Nashua",29
13,"Classic Cars","NYC",40
6,"Classic Cars","Madrid",38
4,"Classic Cars","San Diego",38
11,"Classic Cars","Strasbourg",21
1,"Classic Cars","Liverpool",24
2,"Classic Cars","Reggio Emilia",36
2,"Classic Cars","Las Vegas",23
14,"Classic Cars","Singapore",20
4,"Classic Cars","Oslo",32
9,"Classic Cars","Madrid",29
6,"Classic Cars","New Bedford",44
14,"Classic Cars","Philadelphia",44
4,"Classic Cars","Reims",36
1,"Classic Cars","Pasadena",49
5,"Classic Cars","Madrid",34
11,"Classic Cars","San Jose",59
1,"Classic Cars","Salzburg",37
12,"Planes","Bergamo",36
3,"Planes","Salzburg",43
4,"Planes","Glendale",21
7,"Planes","New Bedford",32
5,"Planes","Helsinki",38
1,"Planes","Boras",43
4,"Planes","Toulouse",42
1,"Planes","London",32
4,"Planes","Makati City",42
17,"Planes","Osaka",31
4,"Planes","San Diego",49
14,"Planes","San Jose",45
9,"Planes","Madrid",49
1,"Planes","Brickhaven",41
11,"Planes","Oslo",45
7,"Planes","Munich",36
1,"Planes","Philadelphia",39
9,"Planes","Cowes",27
6,"Planes","Kobenhavn",25
1,"Planes","Charleroi",41
1,"Planes","London",39
4,"Planes","Oulu",28
7,"Planes","Madrid",25
11,"Planes","Reims",33
1,"Planes","San Jose",34
14,"Planes","Reggio Emilia",24
3,"Vintage Cars","Nashua",30
7,"Vintage Cars","Manchester",42
6,"Vintage Cars","Las Vegas",21
11,"Vintage Cars","Brisbane",34
9,"Vintage Cars","San Francisco",29
13,"Vintage Cars","Bergamo",24
10,"Vintage Cars","San Rafael",44
14,"Vintage Cars","Glen Waverly",21
4,"Vintage Cars","NYC",33
7,"Vintage Cars","Madrid",30
10,"Vintage Cars","Lyon",26
2,"Vintage Cars","Strasbourg",41
16,"Vintage Cars","Torino",26
5,"Vintage Cars","Singapore",32
1,"Vintage Cars","Liverpool",43
17,"Vintage Cars","San Rafael",48
7,"Vintage Cars","Philadelphia",44
1,"Vintage Cars","Marseille",45
3,"Vintage Cars","Pasadena",37
2,"Vintage Cars","Madrid",39
2,"Vintage Cars","San Jose",76
5,"Vintage Cars","Chatswood",37
2,"Classic Cars","Makati City",38
6,"Classic Cars","Marseille",43
3,"Classic Cars","San Rafael",48
3,"Classic Cars","Brickhaven",26
4,"Classic Cars","Los Angeles",38
2,"Classic Cars","Graz",20
10,"Classic Cars","Bergen",22
15,"Classic Cars","Nashua",45
4,"Classic Cars","Madrid",45
14,"Classic Cars","Madrid",20
5,"Classic Cars","Gensve",47
4,"Classic Cars","Oulu",46
9,"Classic Cars","Liverpool",23
10,"Classic Cars","Reggio Emilia",33
10,"Classic Cars","Las Vegas",29
8,"Classic Cars","Gensve",44
1,"Classic Cars","Frankfurt",41
6,"Classic Cars","Koln",20
14,"Classic Cars","New Bedford",37
9,"Classic Cars","NYC",29
1,"Classic Cars","Melbourne",55
7,"Classic Cars","Espoo",22
4,"Classic Cars","Helsinki",31
3,"Classic Cars","Boras",49
4,"Classic Cars","Strasbourg",61
9,"Classic Cars","Salzburg",39
3,"Classic Cars","Philadelphia",38
1,"Classic Cars","Marseille",31
1,"Classic Cars","Toulouse",36
12,"Classic Cars","North Sydney",25
11,"Classic Cars","Aaarhus",48
1,"Classic Cars","Montreal",35
5,"Classic Cars","Bergen",21
10,"Classic Cars","Nashua",47
16,"Classic Cars","NYC",38
9,"Classic Cars","Madrid",41
7,"Classic Cars","San Diego",24
2,"Classic Cars","Osaka",37
4,"Classic Cars","Liverpool",33
5,"Classic Cars","Reggio Emilia",49
5,"Classic Cars","Las Vegas",29
3,"Classic Cars","Gensve",24
7,"Classic Cars","Oslo",47
1,"Classic Cars","Koln",24
9,"Classic Cars","New Bedford",25
8,"Classic Cars","Philadelphia",30
3,"Classic Cars","Melbourne",22
2,"Classic Cars","Paris",27
3,"Classic Cars","Charleroi",34
6,"Classic Cars","Helsinki",36
15,"Classic Cars","San Rafael",34
2,"Classic Cars","Kobenhavn",48
4,"Classic Cars","Salzburg",34
8,"Classic Cars","Madrid",24
4,"Classic Cars","NYC",46
10,"Classic Cars","NYC",45
4,"Classic Cars","Espoo",39
2,"Classic Cars","Oulu",43
11,"Classic Cars","Singapore",29
10,"Classic Cars","Reggio Emilia",20
5,"Classic Cars","Sevilla",46
5,"Classic Cars","White Plains",27
6,"Classic Cars","Boston",44
1,"Classic Cars","Brisbane",43
8,"Classic Cars","Frankfurt",49
4,"Classic Cars","Madrid",40
3,"Classic Cars","Singapore",30
4,"Classic Cars","San Rafael",50
13,"Classic Cars","San Rafael",23
7,"Classic Cars","NYC",26
4,"Classic Cars","Cambridge",27
13,"Classic Cars","Aaarhus",42
8,"Classic Cars","NYC",47
6,"Classic Cars","Paris",49
8,"Classic Cars","NYC",38
10,"Classic Cars","Madrid",20
7,"Classic Cars","San Rafael",25
5,"Classic Cars","San Rafael",25
4,"Classic Cars","Madrid",41
3,"Classic Cars","Nantes",28
2,"Vintage Cars","Nashua",50
6,"Vintage Cars","Manchester",32
5,"Vintage Cars","Las Vegas",42
10,"Vintage Cars","Brisbane",24
8,"Vintage Cars","San Francisco",27
12,"Vintage Cars","Bergamo",26
9,"Vintage Cars","San Rafael",38
13,"Vintage Cars","Glen Waverly",42
3,"Vintage Cars","NYC",23
6,"Vintage Cars","Madrid",21
9,"Vintage Cars","Lyon",28
1,"Vintage Cars","Strasbourg",33
15,"Vintage Cars","Torino",25
4,"Vintage Cars","Singapore",28
2,"Vintage Cars","Sevilla",46
16,"Vintage Cars","San Rafael",30
9,"Vintage Cars","Manchester",38
2,"Vintage Cars","Marseille",40
4,"Vintage Cars","Pasadena",45
1,"Vintage Cars","Madrid",27
1,"Vintage Cars","San Jose",42
4,"Vintage Cars","Chatswood",36
12,"Trucks and Buses","Madrid",29
3,"Trucks and Buses","Paris",39
14,"Trucks and Buses","NYC",45
8,"Trucks and Buses","Espoo",47
6,"Trucks and Buses","Oulu",49
15,"Trucks and Buses","Singapore",46
4,"Trucks and Buses","London",48
9,"Trucks and Buses","Sevilla",46
9,"Trucks and Buses","White Plains",35
10,"Trucks and Buses","Boston",43
4,"Trucks and Buses","San Rafael",26
8,"Trucks and Buses","Madrid",22
7,"Trucks and Buses","Singapore",34
8,"Trucks and Buses","San Rafael",50
4,"Trucks and Buses","Allentown",48
11,"Trucks and Buses","NYC",41
8,"Trucks and Buses","Cambridge",36
2,"Trucks and Buses","Vancouver",29
10,"Trucks and Buses","NYC",33
6,"Trucks and Buses","Lule",46
7,"Trucks and Buses","NYC",38
11,"Trucks and Buses","Madrid",20
5,"Trucks and Buses","North Sydney",22
11,"Trucks and Buses","Madrid",27
8,"Trucks and Buses","Madrid",56
7,"Trucks and Buses","Nantes",38
4,"Vintage Cars","Frankfurt",25
4,"Vintage Cars","Manchester",33
3,"Vintage Cars","Las Vegas",42
8,"Vintage Cars","Brisbane",33
6,"Vintage Cars","San Francisco",38
10,"Vintage Cars","Bergamo",31
7,"Vintage Cars","San Rafael",20
11,"Vintage Cars","Glen Waverly",44
1,"Vintage Cars","NYC",26
4,"Vintage Cars","Madrid",27
7,"Vintage Cars","Lyon",46
2,"Vintage Cars","Boston",47
13,"Vintage Cars","Torino",37
2,"Vintage Cars","Singapore",31
17,"Vintage Cars","Versailles",24
14,"Vintage Cars","San Rafael",31
6,"Vintage Cars","Nashua",50
8,"Vintage Cars","Manchester",35
3,"Vintage Cars","Marseille",30
3,"Vintage Cars","Paris",29
5,"Vintage Cars","Pasadena",27
10,"Vintage Cars","Madrid",40
16,"Vintage Cars","San Rafael",31
2,"Vintage Cars","Singapore",6
2,"Vintage Cars","Chatswood",45
2,"Trucks and Buses","Stavern",22
6,"Trucks and Buses","Paris",45
2,"Trucks and Buses","Madrid",43
2,"Trucks and Buses","Burlingame",46
9,"Trucks and Buses","Oulu",39
18,"Trucks and Buses","Singapore",31
7,"Trucks and Buses","London",41
12,"Trucks and Buses","Sevilla",44
2,"Trucks and Buses","Lyon",45
13,"Trucks and Buses","Boston",37
2,"Trucks and Buses","Singapore",35
7,"Trucks and Buses","San Rafael",28
11,"Trucks and Buses","Madrid",30
10,"Trucks and Buses","Singapore",30
11,"Trucks and Buses","San Rafael",25
7,"Trucks and Buses","Allentown",29
2,"Trucks and Buses","Boras",26
11,"Trucks and Buses","Cambridge",41
5,"Trucks and Buses","Vancouver",34
11,"Trucks and Buses","Nashua",35
1,"Trucks and Buses","Lule",34
8,"Trucks and Buses","Melbourne",50
7,"Trucks and Buses","San Rafael",41
7,"Trucks and Buses","North Sydney",22
7,"Trucks and Buses","San Francisco",35
5,"Trucks and Buses","North Sydney",44
11,"Trucks and Buses","Madrid",47
10,"Trucks and Buses","Nantes",19
2,"Planes","Bergamo",34
8,"Planes","Melbourne",29
3,"Planes","Madrid",49
14,"Planes","Pasadena",30
9,"Planes","Burlingame",21
7,"Planes","Osaka",50
9,"Planes","Melbourne",47
3,"Planes","Tsawassen",24
4,"Planes","San Jose",27
10,"Planes","Bridgewater",33
9,"Planes","Nantes",35
1,"Planes","Oslo",31
4,"Planes","Dublin",25
7,"Planes","White Plains",27
9,"Planes","Allentown",31
8,"Planes","Kobenhavn",45
2,"Planes","Minato-ku",27
1,"Planes","Glendale",27
2,"Planes","South Brisbane",42
18,"Planes","Madrid",21
15,"Planes","Reims",34
3,"Planes","Newark",42
4,"Planes","Reggio Emilia",15
6,"Motorcycles","NYC",29
4,"Motorcycles","Melbourne",46
6,"Motorcycles","Paris",30
10,"Motorcycles","Pasadena",30
18,"Motorcycles","San Francisco",42
5,"Motorcycles","Burlingame",46
13,"Motorcycles","Lille",25
5,"Motorcycles","Bergen",32
6,"Motorcycles","San Francisco",30
3,"Motorcycles","Osaka",40
5,"Motorcycles","Melbourne",28
2,"Motorcycles","Philadelphia",23
6,"Motorcycles","Newark",29
6,"Motorcycles","Bridgewater",34
5,"Motorcycles","Nantes",37
10,"Motorcycles","Cambridge",20
2,"Motorcycles","Nantes",32
3,"Motorcycles","White Plains",34
5,"Motorcycles","Allentown",42
12,"Motorcycles","NYC",38
1,"Motorcycles","Minato-ku",30
3,"Motorcycles","Burlingame",23
4,"Motorcycles","South Brisbane",22
5,"Motorcycles","Boras",39
2,"Motorcycles","Paris",55
6,"Motorcycles","Madrid",36
1,"Vintage Cars","Frankfurt",26
1,"Vintage Cars","Manchester",31
2,"Vintage Cars","Melbourne",34
8,"Vintage Cars","Chatswood",41
5,"Vintage Cars","Brisbane",23
3,"Vintage Cars","San Francisco",48
7,"Vintage Cars","Bergamo",22
4,"Vintage Cars","San Rafael",21
8,"Vintage Cars","Glen Waverly",22
3,"Vintage Cars","Madrid",40
1,"Vintage Cars","Madrid",50
4,"Vintage Cars","Lyon",29
8,"Vintage Cars","Madrid",43
1,"Vintage Cars","Strasbourg",24
10,"Vintage Cars","Torino",22
3,"Vintage Cars","Bergen",43
14,"Vintage Cars","Versailles",20
11,"Vintage Cars","San Rafael",25
2,"Vintage Cars","Nashua",36
1,"Vintage Cars","Manchester",24
6,"Vintage Cars","Melbourne",21
1,"Vintage Cars","Paris",30
7,"Vintage Cars","Pasadena",32
8,"Vintage Cars","Madrid",21
7,"Vintage Cars","San Rafael",26
1,"Vintage Cars","San Rafael",35
1,"Classic Cars","Philadelphia",26
3,"Classic Cars","Nantes",46
3,"Classic Cars","Reims",37
10,"Classic Cars","North Sydney",27
9,"Classic Cars","Aaarhus",23
7,"Classic Cars","Bridgewater",39
3,"Classic Cars","Bergen",27
8,"Classic Cars","Nashua",38
14,"Classic Cars","NYC",27
7,"Classic Cars","Madrid",40
5,"Classic Cars","San Diego",24
12,"Classic Cars","Strasbourg",44
2,"Classic Cars","Liverpool",37
3,"Classic Cars","Reggio Emilia",20
3,"Classic Cars","Las Vegas",39
1,"Classic Cars","Gensve",44
5,"Classic Cars","Oslo",22
10,"Classic Cars","Madrid",43
7,"Classic Cars","New Bedford",27
10,"Classic Cars","Philadelphia",26
3,"Classic Cars","Reims",25
2,"Classic Cars","Charleroi",49
5,"Classic Cars","Madrid",29
12,"Classic Cars","San Jose",41
2,"Classic Cars","Salzburg",55
12,"Vintage Cars","Stavern",27
2,"Vintage Cars","Lule",23
12,"Vintage Cars","Madrid",31
1,"Vintage Cars","Chatswood",46
9,"Vintage Cars","Singapore",47
2,"Vintage Cars","NYC",31
5,"Vintage Cars","South Brisbane",46
9,"Vintage Cars","Philadelphia",37
1,"Vintage Cars","Glen Waverly",28
7,"Vintage Cars","Vancouver",37
4,"Vintage Cars","Burbank",49
3,"Vintage Cars","Cambridge",24
1,"Vintage Cars","Madrid",30
1,"Vintage Cars","San Jose",50
10,"Vintage Cars","Chatswood",31
3,"Vintage Cars","Torino",46
12,"Vintage Cars","Boras",47
7,"Vintage Cars","Versailles",46
4,"Vintage Cars","San Rafael",37
12,"Vintage Cars","Nashua",33
5,"Vintage Cars","San Francisco",31
9,"Vintage Cars","Melbourne",48
6,"Vintage Cars","San Rafael",41
1,"Vintage Cars","Brickhaven",42
8,"Vintage Cars","San Francisco",41
6,"Vintage Cars","North Sydney",32
1,"Vintage Cars","Bruxelles",10
14,"Vintage Cars","Stavern",35
2,"Vintage Cars","San Francisco",28
14,"Vintage Cars","Madrid",46
3,"Vintage Cars","Chatswood",20
11,"Vintage Cars","Singapore",30
4,"Vintage Cars","NYC",48
2,"Vintage Cars","Bergamo",28
11,"Vintage Cars","Philadelphia",39
3,"Vintage Cars","Glen Waverly",24
9,"Vintage Cars","Vancouver",28
6,"Vintage Cars","Burbank",31
5,"Vintage Cars","Cambridge",45
3,"Vintage Cars","Madrid",24
3,"Vintage Cars","San Jose",49
1,"Vintage Cars","Salzburg",32
5,"Vintage Cars","Torino",43
14,"Vintage Cars","Boras",37
9,"Vintage Cars","Versailles",24
6,"Vintage Cars","San Rafael",35
13,"Vintage Cars","Nashua",41
17,"Vintage Cars","Manchester",26
10,"Vintage Cars","Melbourne",34
5,"Vintage Cars","San Rafael",49
6,"Vintage Cars","Brickhaven",28
4,"Vintage Cars","San Francisco",40
3,"Vintage Cars","Graz",37
3,"Vintage Cars","Bruxelles",31
18,"Ships","Bergamo",41
9,"Ships","Salzburg",21
2,"Ships","Brickhaven",40
13,"Ships","New Bedford",46
11,"Ships","Helsinki",44
7,"Ships","Boras",46
10,"Ships","Toulouse",41
7,"Ships","London",32
4,"Ships","Barcelona",46
6,"Ships","Los Angeles",28
10,"Ships","San Diego",49
1,"Ships","NYC",21
15,"Ships","Madrid",32
2,"Ships","Bruxelles",34
4,"Ships","Tsawassen",21
13,"Ships","Munich",21
7,"Ships","Philadelphia",31
15,"Ships","Cowes",21
5,"Ships","Kobenhavn",25
3,"Ships","Charleroi",28
6,"Ships","Madrid",43
5,"Ships","Oulu",22
5,"Ships","Madrid",37
18,"Ships","Reims",28
7,"Ships","San Jose",30
1,"Ships","Boston",44
13,"Vintage Cars","Stavern",25
1,"Vintage Cars","San Francisco",43
13,"Vintage Cars","Madrid",30
2,"Vintage Cars","Chatswood",20
10,"Vintage Cars","Singapore",26
3,"Vintage Cars","NYC",40
1,"Vintage Cars","Bergamo",31
10,"Vintage Cars","Philadelphia",22
2,"Vintage Cars","Glen Waverly",23
8,"Vintage Cars","Vancouver",30
5,"Vintage Cars","Burbank",49
4,"Vintage Cars","Cambridge",31
2,"Vintage Cars","Madrid",29
2,"Vintage Cars","San Jose",37
11,"Vintage Cars","Chatswood",38
4,"Vintage Cars","Torino",29
13,"Vintage Cars","Boras",23
8,"Vintage Cars","Versailles",26
5,"Vintage Cars","San Rafael",38
7,"Vintage Cars","Nashua",48
18,"Vintage Cars","Manchester",40
11,"Vintage Cars","Melbourne",45
4,"Vintage Cars","San Rafael",44
5,"Vintage Cars","Brickhaven",21
5,"Vintage Cars","San Francisco",35
2,"Vintage Cars","Graz",29
2,"Vintage Cars","Bruxelles",21
11,"Vintage Cars","Kobenhavn",22
5,"Vintage Cars","Singapore",26
2,"Vintage Cars","Madrid",41
8,"Vintage Cars","San Rafael",47
7,"Vintage Cars","Madrid",31
2,"Vintage Cars","New Bedford",43
9,"Vintage Cars","Madrid",23
9,"Vintage Cars","New Bedford",28
1,"Vintage Cars","New Haven",49
9,"Vintage Cars","Lyon",24
3,"Vintage Cars","Bruxelles",33
6,"Vintage Cars","Cowes",22
12,"Vintage Cars","NYC",32
13,"Vintage Cars","Bruxelles",40
1,"Vintage Cars","San Rafael",43
4,"Vintage Cars","Torino",24
9,"Vintage Cars","Manchester",32
1,"Vintage Cars","Aaarhus",20
9,"Vintage Cars","Stavern",24
12,"Vintage Cars","Paris",48
1,"Vintage Cars","Madrid",44
3,"Vintage Cars","Minato-ku",28
9,"Vintage Cars","Madrid",24
2,"Vintage Cars","San Rafael",33
12,"Vintage Cars","Boston",41
13,"Classic Cars","Madrid",23
5,"Classic Cars","Philadelphia",46
4,"Classic Cars","Paris",48
3,"Classic Cars","Marseille",25
15,"Classic Cars","NYC",22
3,"Classic Cars","Toulouse",41
9,"Classic Cars","Espoo",34
14,"Classic Cars","North Sydney",32
7,"Classic Cars","Oulu",21
1,"Classic Cars","Los Angeles",20
16,"Classic Cars","Singapore",47
3,"Classic Cars","Montreal",39
5,"Classic Cars","London",29
7,"Classic Cars","Bergen",45
10,"Classic Cars","Sevilla",28
12,"Classic Cars","Nashua",26
10,"Classic Cars","White Plains",50
1,"Classic Cars","Madrid",48
11,"Classic Cars","Boston",25
11,"Classic Cars","Madrid",40
2,"Classic Cars","Gensve",43
5,"Classic Cars","San Rafael",22
1,"Classic Cars","Oulu",47
9,"Classic Cars","Madrid",36
6,"Classic Cars","Liverpool",40
8,"Classic Cars","Singapore",27
7,"Classic Cars","Reggio Emilia",29
9,"Classic Cars","San Rafael",20
7,"Classic Cars","Las Vegas",42
5,"Classic Cars","Allentown",25
5,"Classic Cars","Gensve",36
12,"Classic Cars","NYC",21
9,"Classic Cars","Oslo",23
9,"Classic Cars","Cambridge",37
3,"Classic Cars","Koln",48
3,"Classic Cars","Vancouver",25
11,"Classic Cars","New Bedford",33
12,"Classic Cars","NYC",27
11,"Classic Cars","Philadelphia",27
3,"Classic Cars","Lule",20
4,"Classic Cars","Melbourne",30
6,"Classic Cars","NYC",48
12,"Classic Cars","Madrid",32
1,"Classic Cars","Charleroi",34
9,"Classic Cars","North Sydney",27
3,"Classic Cars","Helsinki",39
6,"Classic Cars","Madrid",47
5,"Classic Cars","Madrid",22
1,"Classic Cars","Strasbourg",55
9,"Classic Cars","Madrid",60
6,"Classic Cars","Salzburg",35
8,"Classic Cars","Nantes",28
13,"Trains","Kobenhavn",38
7,"Trains","Singapore",21
4,"Trains","Madrid",41
10,"Trains","San Rafael",22
9,"Trains","Madrid",29
1,"Trains","Singapore",50
11,"Trains","Madrid",29
11,"Trains","New Bedford",49
3,"Trains","New Haven",35
11,"Trains","Lyon",48
5,"Trains","Bruxelles",23
8,"Trains","Cowes",48
14,"Trains","NYC",42
15,"Trains","Bruxelles",47
3,"Trains","San Rafael",36
6,"Trains","Torino",22
11,"Trains","Manchester",40
3,"Trains","Aaarhus",23
6,"Trains","Lule",32
7,"Trains","Paris",21
2,"Trains","Madrid",41
5,"Trains","Minato-ku",25
12,"Trains","Madrid",26
4,"Trains","San Rafael",24
14,"Trains","Boston",48
9,"Classic Cars","Makati City",26
13,"Classic Cars","Marseille",21
10,"Classic Cars","San Rafael",45
10,"Classic Cars","Brickhaven",36
5,"Classic Cars","San Francisco",21
5,"Classic Cars","North Sydney",32
17,"Classic Cars","Bergen",30
6,"Classic Cars","Koln",36
11,"Classic Cars","Madrid",33
5,"Classic Cars","Paris",35
12,"Classic Cars","Gensve",37
6,"Classic Cars","Kobenhavn",41
2,"Classic Cars","Paris",20
2,"Classic Cars","Glen Waverly",45
6,"Classic Cars","Brickhaven",38
15,"Classic Cars","Gensve",43
8,"Classic Cars","Frankfurt",49
13,"Classic Cars","Koln",27
1,"Classic Cars","NYC",46
10,"Classic Cars","NYC",38
5,"Classic Cars","Melbourne",25
10,"Classic Cars","Espoo",46
4,"Classic Cars","Madrid",22
9,"Classic Cars","San Rafael",40
16,"Vintage Cars","Stavern",46
4,"Vintage Cars","San Francisco",39
16,"Vintage Cars","Madrid",38
5,"Vintage Cars","Chatswood",30
2,"Vintage Cars","Brisbane",42
6,"Vintage Cars","NYC",43
4,"Vintage Cars","Bergamo",29
1,"Vintage Cars","San Rafael",33
5,"Vintage Cars","Glen Waverly",32
11,"Vintage Cars","Vancouver",28
8,"Vintage Cars","Burbank",41
1,"Vintage Cars","Lyon",33
5,"Vintage Cars","Madrid",36
5,"Vintage Cars","San Jose",26
7,"Vintage Cars","Torino",34
2,"Vintage Cars","Brickhaven",26
11,"Vintage Cars","Versailles",38
8,"Vintage Cars","San Rafael",33
2,"Vintage Cars","Frankfurt",33
2,"Vintage Cars","San Francisco",46
12,"Vintage Cars","Melbourne",26
3,"Vintage Cars","San Rafael",25
4,"Vintage Cars","Brickhaven",45
7,"Vintage Cars","San Rafael",50
1,"Vintage Cars","Graz",36
5,"Vintage Cars","Bruxelles",21
8,"Classic Cars","Makati City",29
12,"Classic Cars","Marseille",21
9,"Classic Cars","San Rafael",42
9,"Classic Cars","Brickhaven",37
4,"Classic Cars","San Francisco",25
4,"Classic Cars","North Sydney",36
16,"Classic Cars","Bergen",22
5,"Classic Cars","Koln",23
10,"Classic Cars","Madrid",32
4,"Classic Cars","Paris",28
11,"Classic Cars","Gensve",27
5,"Classic Cars","Kobenhavn",49
1,"Classic Cars","Paris",41
1,"Classic Cars","Glen Waverly",49
5,"Classic Cars","Brickhaven",30
14,"Classic Cars","Gensve",40
7,"Classic Cars","Frankfurt",23
12,"Classic Cars","Koln",49
5,"Classic Cars","Lule",25
3,"Classic Cars","Makati City",37
7,"Classic Cars","Melbourne",55
7,"Classic Cars","Madrid",23
11,"Classic Cars","Espoo",24
10,"Classic Cars","Madrid",43
1,"Classic Cars","San Rafael",50
2,"Classic Cars","Philadelphia",47
4,"Classic Cars","Nantes",34
4,"Classic Cars","Reims",31
11,"Classic Cars","North Sydney",28
10,"Classic Cars","Aaarhus",36
8,"Classic Cars","Bridgewater",48
4,"Classic Cars","Bergen",39
9,"Classic Cars","Nashua",45
15,"Classic Cars","NYC",35
8,"Classic Cars","Madrid",45
6,"Classic Cars","San Diego",46
1,"Classic Cars","Osaka",37
3,"Classic Cars","Liverpool",31
4,"Classic Cars","Reggio Emilia",33
4,"Classic Cars","Las Vegas",31
2,"Classic Cars","Gensve",27
6,"Classic Cars","Oslo",39
11,"Classic Cars","Madrid",32
8,"Classic Cars","New Bedford",28
12,"Classic Cars","Philadelphia",26
2,"Classic Cars","Reims",44
6,"Classic Cars","Pasadena",46
4,"Classic Cars","Madrid",32
1,"Classic Cars","Kobenhavn",65
3,"Classic Cars","Salzburg",43
12,"Motorcycles","Makati City",43
16,"Motorcycles","Marseille",35
13,"Motorcycles","San Rafael",45
2,"Motorcycles","Glendale",47
8,"Motorcycles","San Francisco",21
8,"Motorcycles","North Sydney",38
3,"Motorcycles","Lille",21
9,"Motorcycles","Koln",43
8,"Motorcycles","Paris",46
1,"Motorcycles","Lille",38
1,"Motorcycles","NYC",26
5,"Motorcycles","Paris",31
3,"Motorcycles","Boston",48
9,"Motorcycles","Brickhaven",33
1,"Motorcycles","Paris",38
3,"Motorcycles","Helsinki",39
16,"Motorcycles","Koln",42
4,"Motorcycles","NYC",44
2,"Motorcycles","Makati City",29
8,"Motorcycles","Melbourne",26
1,"Motorcycles","Madrid",31
12,"Motorcycles","Espoo",32
9,"Motorcycles","Madrid",28
2,"Motorcycles","San Rafael",36
1,"Motorcycles","Liverpool",36
17,"Vintage Cars","Bergamo",41
8,"Vintage Cars","Salzburg",27
1,"Vintage Cars","Brickhaven",33
12,"Vintage Cars","New Bedford",34
10,"Vintage Cars","Helsinki",29
6,"Vintage Cars","Boras",34
9,"Vintage Cars","Toulouse",48
6,"Vintage Cars","London",46
3,"Vintage Cars","Barcelona",22
5,"Vintage Cars","Los Angeles",20
9,"Vintage Cars","San Diego",45
5,"Vintage Cars","Cambridge",46
14,"Vintage Cars","Madrid",34
1,"Vintage Cars","Bruxelles",50
3,"Vintage Cars","Tsawassen",46
12,"Vintage Cars","Munich",22
6,"Vintage Cars","Philadelphia",48
14,"Vintage Cars","Cowes",47
6,"Vintage Cars","Bergamo",34
2,"Vintage Cars","Charleroi",45
2,"Vintage Cars","London",20
6,"Vintage Cars","Oulu",50
6,"Vintage Cars","Madrid",22
17,"Vintage Cars","Reims",45
6,"Vintage Cars","San Jose",58
5,"Vintage Cars","Glen Waverly",51
3,"Classic Cars","Madrid",38
12,"Classic Cars","Singapore",22
5,"Classic Cars","NYC",25
15,"Classic Cars","San Rafael",24
1,"Classic Cars","South Brisbane",35
6,"Classic Cars","Singapore",28
5,"Classic Cars","Reggio Emilia",36
16,"Classic Cars","New Bedford",39
8,"Classic Cars","New Haven",27
1,"Classic Cars","Boston",40
5,"Classic Cars","Dublin",50
3,"Classic Cars","Frankfurt",42
5,"Classic Cars","Espoo",48
5,"Classic Cars","Allentown",25
8,"Classic Cars","San Rafael",31
2,"Classic Cars","NYC",44
16,"Classic Cars","Manchester",23
8,"Classic Cars","Aaarhus",29
13,"Classic Cars","NYC",49
3,"Classic Cars","NYC",36
5,"Classic Cars","NYC",34
13,"Classic Cars","Madrid",25
6,"Classic Cars","Minato-ku",48
1,"Classic Cars","Madrid",38
1,"Classic Cars","Madrid",37
5,"Classic Cars","Bridgewater",49
4,"Vintage Cars","Nashua",22
8,"Vintage Cars","Manchester",28
7,"Vintage Cars","Las Vegas",36
1,"Vintage Cars","North Sydney",34
10,"Vintage Cars","San Francisco",39
14,"Vintage Cars","Bergamo",21
11,"Vintage Cars","San Rafael",36
15,"Vintage Cars","Glen Waverly",24
5,"Vintage Cars","NYC",29
1,"Vintage Cars","London",38
11,"Vintage Cars","Lyon",34
3,"Vintage Cars","Strasbourg",42
17,"Vintage Cars","Torino",35
6,"Vintage Cars","Singapore",35
2,"Vintage Cars","Liverpool",38
1,"Vintage Cars","Madrid",41
2,"Vintage Cars","Manchester",50
4,"Vintage Cars","Marseille",21
8,"Vintage Cars","Pasadena",43
1,"Vintage Cars","Madrid",32
3,"Vintage Cars","San Jose",6
6,"Vintage Cars","Chatswood",66
10,"Vintage Cars","Kobenhavn",41
4,"Vintage Cars","Singapore",23
1,"Vintage Cars","Madrid",43
7,"Vintage Cars","San Rafael",24
6,"Vintage Cars","Madrid",22
1,"Vintage Cars","New Bedford",26
8,"Vintage Cars","Madrid",35
8,"Vintage Cars","New Bedford",47
14,"Vintage Cars","Barcelona",50
8,"Vintage Cars","Lyon",45
2,"Vintage Cars","Bruxelles",39
5,"Vintage Cars","Cowes",23
11,"Vintage Cars","NYC",42
9,"Vintage Cars","Montreal",20
12,"Vintage Cars","Bruxelles",33
14,"Vintage Cars","Tsawassen",34
3,"Vintage Cars","Torino",49
8,"Vintage Cars","Manchester",39
7,"Vintage Cars","Nantes",36
5,"Vintage Cars","Lule",50
2,"Vintage Cars","NYC",29
3,"Vintage Cars","Madrid",30
7,"Vintage Cars","Minato-ku",41
7,"Vintage Cars","Madrid",28
5,"Vintage Cars","San Rafael",45
11,"Vintage Cars","Boston",16
5,"Trucks and Buses","Stavern",36
9,"Trucks and Buses","Paris",41
5,"Trucks and Buses","Madrid",50
5,"Trucks and Buses","Burlingame",40
2,"Trucks and Buses","Singapore",49
3,"Trucks and Buses","Graz",45
10,"Trucks and Buses","London",47
2,"Trucks and Buses","Philadelphia",21
5,"Trucks and Buses","Lyon",32
16,"Trucks and Buses","Boston",47
5,"Trucks and Buses","Singapore",38
10,"Trucks and Buses","San Rafael",41
3,"Trucks and Buses","New Haven",21
13,"Trucks and Buses","Singapore",41
3,"Trucks and Buses","Chatswood",38
10,"Trucks and Buses","Allentown",25
5,"Trucks and Buses","Boras",48
14,"Trucks and Buses","Cambridge",22
8,"Trucks and Buses","Vancouver",28
1,"Trucks and Buses","Frankfurt",47
4,"Trucks and Buses","Lule",49
4,"Trucks and Buses","Melbourne",45
2,"Trucks and Buses","San Rafael",28
6,"Trucks and Buses","North Sydney",29
1,"Trucks and Buses","San Rafael",39
3,"Trucks and Buses","Montreal",46
13,"Trucks and Buses","Nantes",38
9,"Vintage Cars","Stavern",41
3,"Vintage Cars","San Rafael",50
9,"Vintage Cars","Madrid",43
9,"Vintage Cars","Burlingame",29
6,"Vintage Cars","Singapore",30
7,"Vintage Cars","Graz",25
2,"Vintage Cars","South Brisbane",49
6,"Vintage Cars","Philadelphia",40
9,"Vintage Cars","Lyon",41
4,"Vintage Cars","Vancouver",21
1,"Vintage Cars","Burbank",46
14,"Vintage Cars","San Rafael",39
7,"Vintage Cars","New Haven",45
4,"Vintage Cars","Minato-ku",21
7,"Vintage Cars","Chatswood",44
14,"Vintage Cars","Allentown",44
9,"Vintage Cars","Boras",29
4,"Vintage Cars","Versailles",34
1,"Vintage Cars","San Rafael",39
6,"Vintage Cars","NYC",38
8,"Vintage Cars","San Francisco",24
6,"Vintage Cars","Madrid",29
8,"Vintage Cars","Madrid",30
2,"Vintage Cars","North Sydney",20
2,"Vintage Cars","San Rafael",39
7,"Vintage Cars","Montreal",35
4,"Vintage Cars","Madrid",26
11,"Classic Cars","Makati City",44
15,"Classic Cars","Marseille",28
12,"Classic Cars","San Rafael",31
1,"Classic Cars","Glendale",29
7,"Classic Cars","San Francisco",32
7,"Classic Cars","North Sydney",33
2,"Classic Cars","Lille",44
8,"Classic Cars","Koln",32
7,"Classic Cars","Paris",41
14,"Classic Cars","Gensve",35
8,"Classic Cars","Kobenhavn",44
4,"Classic Cars","Paris",26
2,"Classic Cars","Boston",20
8,"Classic Cars","Brickhaven",48
17,"Classic Cars","Gensve",34
2,"Classic Cars","Helsinki",49
15,"Classic Cars","Koln",40
3,"Classic Cars","NYC",45
4,"Classic Cars","Makati City",50
11,"Classic Cars","Melbourne",38
2,"Classic Cars","Madrid",25
13,"Classic Cars","Espoo",28
8,"Classic Cars","Madrid",49
3,"Classic Cars","San Rafael",49
9,"Classic Cars","Manchester",42
8,"Classic Cars","Las Vegas",23
2,"Classic Cars","North Sydney",29
1,"Classic Cars","Aaarhus",25
15,"Classic Cars","Bergamo",39
12,"Classic Cars","San Rafael",44
16,"Classic Cars","Glen Waverly",25
6,"Classic Cars","NYC",45
2,"Classic Cars","London",25
12,"Classic Cars","Lyon",37
4,"Classic Cars","Strasbourg",30
1,"Classic Cars","NYC",36
1,"Classic Cars","Madrid",26
7,"Classic Cars","Singapore",23
3,"Classic Cars","Liverpool",23
2,"Classic Cars","Madrid",25
3,"Classic Cars","Manchester",21
5,"Classic Cars","Marseille",26
9,"Classic Cars","Pasadena",44
2,"Classic Cars","Madrid",24
4,"Classic Cars","San Jose",66
7,"Classic Cars","Chatswood",36
13,"Classic Cars","Manchester",36
12,"Classic Cars","Las Vegas",22
6,"Classic Cars","North Sydney",25
5,"Classic Cars","Aaarhus",37
3,"Classic Cars","Bridgewater",32
16,"Classic Cars","San Rafael",47
4,"Classic Cars","Nashua",37
10,"Classic Cars","NYC",20
3,"Classic Cars","Madrid",41
1,"Classic Cars","San Diego",21
8,"Classic Cars","Strasbourg",22
5,"Classic Cars","NYC",40
5,"Classic Cars","Madrid",32
11,"Classic Cars","Singapore",36
1,"Classic Cars","Oslo",27
6,"Classic Cars","Madrid",26
3,"Classic Cars","New Bedford",30
4,"Classic Cars","Manchester",23
7,"Classic Cars","Marseille",29
10,"Classic Cars","Pasadena",21
3,"Classic Cars","Madrid",34
8,"Classic Cars","San Jose",26
11,"Classic Cars","Chatswood",60
6,"Classic Cars","Madrid",35
2,"Classic Cars","NYC",47
8,"Classic Cars","NYC",20
2,"Classic Cars","Espoo",20
4,"Classic Cars","South Brisbane",25
9,"Classic Cars","Singapore",25
8,"Classic Cars","Reggio Emilia",27
3,"Classic Cars","Sevilla",31
3,"Classic Cars","White Plains",44
4,"Classic Cars","Boston",49
8,"Classic Cars","Dublin",26
6,"Classic Cars","Frankfurt",36
2,"Classic Cars","Madrid",44
1,"Classic Cars","Singapore",28
2,"Classic Cars","San Rafael",45
11,"Classic Cars","San Rafael",29
5,"Classic Cars","NYC",40
2,"Classic Cars","Cambridge",45
11,"Classic Cars","Aaarhus",44
14,"Classic Cars","NYC",25
4,"Classic Cars","Paris",45
4,"Classic Cars","NYC",48
14,"Classic Cars","Madrid",44
12,"Classic Cars","San Rafael",25
2,"Classic Cars","Madrid",22
2,"Classic Cars","Madrid",31
2,"Classic Cars","Madrid",21
1,"Classic Cars","Nantes",55
3,"Motorcycles","NYC",25
1,"Motorcycles","Melbourne",35
3,"Motorcycles","Paris",35
7,"Motorcycles","Pasadena",43
15,"Motorcycles","San Francisco",44
2,"Motorcycles","Burlingame",50
10,"Motorcycles","Lille",48
2,"Motorcycles","Bergen",25
3,"Motorcycles","San Francisco",39
15,"Motorcycles","Paris",25
2,"Motorcycles","Melbourne",32
8,"Motorcycles","NYC",20
3,"Motorcycles","Newark",26
3,"Motorcycles","Bridgewater",42
2,"Motorcycles","Nantes",21
7,"Motorcycles","Cambridge",34
10,"Motorcycles","Helsinki",47
6,"Motorcycles","Stavern",21
2,"Motorcycles","Allentown",48
7,"Motorcycles","NYC",30
10,"Motorcycles","Minato-ku",27
2,"Motorcycles","Burlingame",50
6,"Motorcycles","South Brisbane",38
1,"Motorcycles","Boras",45
8,"Motorcycles","Liverpool",46
3,"Motorcycles","Madrid",35
15,"Classic Cars","Manchester",29
1,"Classic Cars","Nantes",50
1,"Classic Cars","Reims",26
8,"Classic Cars","North Sydney",47
7,"Classic Cars","Aaarhus",23
5,"Classic Cars","Bridgewater",34
1,"Classic Cars","Bergen",34
6,"Classic Cars","Nashua",47
12,"Classic Cars","NYC",45
5,"Classic Cars","Madrid",45
3,"Classic Cars","San Diego",36
10,"Classic Cars","Strasbourg",21
1,"Classic Cars","Reggio Emilia",28
1,"Classic Cars","Las Vegas",35
13,"Classic Cars","Singapore",50
3,"Classic Cars","Oslo",22
8,"Classic Cars","Madrid",45
5,"Classic Cars","New Bedford",48
5,"Classic Cars","Manchester",20
6,"Classic Cars","Reims",27
11,"Classic Cars","Pasadena",38
3,"Classic Cars","Madrid",32
10,"Classic Cars","San Jose",64
13,"Classic Cars","Chatswood",37
4,"Planes","Bergamo",28
10,"Planes","Melbourne",39
5,"Planes","Madrid",41
16,"Planes","Pasadena",40
11,"Planes","Burlingame",49
9,"Planes","Osaka",27
11,"Planes","Melbourne",34
5,"Planes","Tsawassen",23
6,"Planes","San Jose",31
1,"Planes","Madrid",34
11,"Planes","Nantes",25
3,"Planes","Oslo",22
6,"Planes","Dublin",32
9,"Planes","White Plains",31
1,"Planes","Cowes",25
14,"Planes","Bergamo",47
7,"Planes","Minato-ku",21
2,"Planes","Glendale",28
3,"Planes","South Brisbane",46
11,"Planes","Madrid",33
16,"Planes","Reims",43
5,"Planes","Newark",38
6,"Planes","Reggio Emilia",47
3,"Vintage Cars","Frankfurt",45
3,"Vintage Cars","Manchester",20
2,"Vintage Cars","Las Vegas",45
7,"Vintage Cars","Brisbane",36
5,"Vintage Cars","San Francisco",37
9,"Vintage Cars","Bergamo",31
6,"Vintage Cars","San Rafael",39
10,"Vintage Cars","Glen Waverly",26
5,"Vintage Cars","Madrid",32
3,"Vintage Cars","Madrid",20
6,"Vintage Cars","Lyon",42
1,"Vintage Cars","Boston",33
12,"Vintage Cars","Torino",20
1,"Vintage Cars","Singapore",29
16,"Vintage Cars","Versailles",23
13,"Vintage Cars","San Rafael",39
3,"Vintage Cars","Nashua",20
6,"Vintage Cars","Manchester",45
6,"Vintage Cars","Marseille",20
5,"Vintage Cars","Paris",48
13,"Vintage Cars","Pasadena",23
4,"Vintage Cars","Madrid",32
8,"Vintage Cars","North Sydney",33
1,"Vintage Cars","Singapore",61
1,"Vintage Cars","Chatswood",45
7,"Motorcycles","NYC",38
5,"Motorcycles","Melbourne",34
7,"Motorcycles","Paris",43
11,"Motorcycles","Pasadena",47
1,"Motorcycles","Stavern",22
6,"Motorcycles","Burlingame",29
14,"Motorcycles","Lille",28
6,"Motorcycles","Bergen",40
7,"Motorcycles","San Francisco",25
4,"Motorcycles","Osaka",30
6,"Motorcycles","Melbourne",38
3,"Motorcycles","Philadelphia",36
1,"Motorcycles","San Jose",32
7,"Motorcycles","Bridgewater",37
6,"Motorcycles","Nantes",30
11,"Motorcycles","Cambridge",39
1,"Motorcycles","Dublin",32
4,"Motorcycles","White Plains",47
6,"Motorcycles","Allentown",26
4,"Motorcycles","NYC",37
8,"Motorcycles","Barcelona",55
8,"Motorcycles","Espoo",21
9,"Motorcycles","Nantes",23
2,"Motorcycles","Boras",49
3,"Motorcycles","Paris",59
1,"Motorcycles","Reggio Emilia",32
9,"Ships","Kobenhavn",43
3,"Ships","Singapore",41
9,"Ships","London",45
6,"Ships","San Rafael",33
5,"Ships","Madrid",40
16,"Ships","Boras",33
7,"Ships","Madrid",50
7,"Ships","New Bedford",30
13,"Ships","Barcelona",41
7,"Ships","Lyon",35
1,"Ships","Bruxelles",49
4,"Ships","Cowes",46
10,"Ships","NYC",48
8,"Ships","Montreal",36
11,"Ships","Bruxelles",22
13,"Ships","Tsawassen",42
2,"Ships","Torino",21
7,"Ships","Manchester",29
6,"Ships","Nantes",35
4,"Ships","Lule",41
4,"Ships","NYC",29
7,"Ships","Madrid",34
8,"Ships","Minato-ku",37
3,"Ships","San Francisco",28
6,"Ships","San Rafael",49
10,"Ships","Boston",23
2,"Vintage Cars","Frankfurt",46
2,"Vintage Cars","Manchester",39
1,"Vintage Cars","Las Vegas",22
6,"Vintage Cars","Brisbane",49
4,"Vintage Cars","San Francisco",43
8,"Vintage Cars","Bergamo",27
5,"Vintage Cars","San Rafael",31
9,"Vintage Cars","Glen Waverly",20
4,"Vintage Cars","Madrid",24
2,"Vintage Cars","Madrid",49
5,"Vintage Cars","Lyon",24
9,"Vintage Cars","Madrid",39
2,"Vintage Cars","Strasbourg",37
11,"Vintage Cars","Torino",45
4,"Vintage Cars","Bergen",45
15,"Vintage Cars","Versailles",44
12,"Vintage Cars","San Rafael",23
4,"Vintage Cars","Nashua",30
10,"Vintage Cars","Manchester",26
1,"Vintage Cars","Nantes",43
7,"Vintage Cars","Paris",26
12,"Vintage Cars","Pasadena",28
5,"Vintage Cars","Madrid",27
1,"Vintage Cars","North Sydney",24
2,"Vintage Cars","San Rafael",40
1,"Trucks and Buses","Stavern",36
5,"Trucks and Buses","Paris",21
1,"Trucks and Buses","Madrid",27
1,"Trucks and Buses","Burlingame",47
8,"Trucks and Buses","Oulu",42
17,"Trucks and Buses","Singapore",32
6,"Trucks and Buses","London",28
11,"Trucks and Buses","Sevilla",24
1,"Trucks and Buses","Lyon",49
12,"Trucks and Buses","Boston",46
1,"Trucks and Buses","Singapore",28
6,"Trucks and Buses","San Rafael",48
10,"Trucks and Buses","Madrid",29
9,"Trucks and Buses","Singapore",47
10,"Trucks and Buses","San Rafael",43
6,"Trucks and Buses","Allentown",25
1,"Trucks and Buses","Boras",48
10,"Trucks and Buses","Cambridge",24
4,"Trucks and Buses","Vancouver",42
2,"Trucks and Buses","NYC",31
5,"Trucks and Buses","Lule",42
1,"Trucks and Buses","Madrid",37
7,"Trucks and Buses","Madrid",41
5,"Trucks and Buses","San Rafael",20
3,"Trucks and Buses","San Rafael",20
10,"Trucks and Buses","Madrid",70
9,"Trucks and Buses","Nantes",49
15,"Motorcycles","Makati City",35
2,"Motorcycles","Reims",32
16,"Motorcycles","San Rafael",29
3,"Motorcycles","Pasadena",27
11,"Motorcycles","San Francisco",27
11,"Motorcycles","North Sydney",38
6,"Motorcycles","Lille",35
3,"Motorcycles","Madrid",42
11,"Motorcycles","Paris",21
4,"Motorcycles","Lille",37
4,"Motorcycles","NYC",26
8,"Motorcycles","Paris",47
6,"Motorcycles","Boston",37
12,"Motorcycles","Brickhaven",46
3,"Motorcycles","Cambridge",38
6,"Motorcycles","Helsinki",33
2,"Motorcycles","Stavern",24
7,"Motorcycles","NYC",31
1,"Motorcycles","Makati City",42
6,"Motorcycles","Salzburg",32
3,"Motorcycles","Madrid",41
14,"Motorcycles","Espoo",43
14,"Motorcycles","Nantes",20
4,"Motorcycles","San Rafael",35
4,"Motorcycles","Liverpool",27
11,"Classic Cars","Manchester",43
10,"Classic Cars","Las Vegas",32
4,"Classic Cars","North Sydney",21
3,"Classic Cars","Aaarhus",20
1,"Classic Cars","Bridgewater",22
14,"Classic Cars","San Rafael",36
2,"Classic Cars","Nashua",46
8,"Classic Cars","NYC",47
1,"Classic Cars","Madrid",45
14,"Classic Cars","Lyon",47
6,"Classic Cars","Strasbourg",47
3,"Classic Cars","NYC",38
3,"Classic Cars","Madrid",49
9,"Classic Cars","Singapore",35
5,"Classic Cars","Liverpool",49
4,"Classic Cars","Madrid",28
1,"Classic Cars","New Bedford",30
7,"Classic Cars","Manchester",39
1,"Classic Cars","Las Vegas",25
2,"Classic Cars","San Rafael",40
6,"Classic Cars","Madrid",36
6,"Classic Cars","San Jose",76
9,"Classic Cars","Chatswood",39
10,"Classic Cars","Madrid",44
1,"Classic Cars","Paris",24
12,"Classic Cars","NYC",39
6,"Classic Cars","Espoo",21
4,"Classic Cars","Oulu",30
13,"Classic Cars","Singapore",27
2,"Classic Cars","London",37
7,"Classic Cars","Sevilla",42
7,"Classic Cars","White Plains",32
8,"Classic Cars","Boston",42
3,"Classic Cars","Brisbane",21
2,"Classic Cars","San Rafael",33
6,"Classic Cars","Madrid",49
5,"Classic Cars","Singapore",31
6,"Classic Cars","San Rafael",38
2,"Classic Cars","Allentown",20
9,"Classic Cars","NYC",39
6,"Classic Cars","Cambridge",48
15,"Classic Cars","Aaarhus",39
9,"Classic Cars","NYC",30
2,"Classic Cars","San Rafael",33
3,"Classic Cars","NYC",36
4,"Classic Cars","Madrid",36
8,"Classic Cars","San Rafael",45
3,"Classic Cars","Madrid",40
6,"Classic Cars","Madrid",46
6,"Classic Cars","Madrid",30
5,"Classic Cars","Nantes",31
13,"Planes","Bergamo",49
4,"Planes","Salzburg",41
5,"Planes","Glendale",35
8,"Planes","New Bedford",27
6,"Planes","Helsinki",23
2,"Planes","Boras",21
5,"Planes","Toulouse",34
2,"Planes","London",22
5,"Planes","Makati City",48
1,"Planes","Los Angeles",43
5,"Planes","San Diego",32
1,"Planes","Cambridge",20
10,"Planes","Madrid",24
2,"Planes","Brickhaven",40
12,"Planes","Oslo",30
8,"Planes","Munich",21
2,"Planes","Philadelphia",25
10,"Planes","Cowes",34
1,"Planes","Bergamo",48
12,"Planes","Minato-ku",55
5,"Planes","London",25
7,"Planes","Oulu",38
1,"Planes","Madrid",39
3,"Planes","Reims",28
2,"Planes","San Jose",24
1,"Planes","Glen Waverly",21
10,"Classic Cars","Manchester",46
9,"Classic Cars","Las Vegas",25
3,"Classic Cars","North Sydney",34
2,"Classic Cars","Aaarhus",25
16,"Classic Cars","Bergamo",23
13,"Classic Cars","San Rafael",20
1,"Classic Cars","Nashua",23
7,"Classic Cars","NYC",42
3,"Classic Cars","London",27
13,"Classic Cars","Lyon",33
5,"Classic Cars","Strasbourg",28
2,"Classic Cars","NYC",43
2,"Classic Cars","Madrid",48
8,"Classic Cars","Singapore",48
4,"Classic Cars","Liverpool",45
3,"Classic Cars","Madrid",43
11,"Classic Cars","Manchester",44
5,"Classic Cars","Las Vegas",24
5,"Classic Cars","San Rafael",31
7,"Classic Cars","Madrid",44
5,"Classic Cars","San Jose",59
8,"Classic Cars","Chatswood",55
6,"Classic Cars","Philadelphia",29
4,"Classic Cars","Marseille",39
1,"Classic Cars","San Rafael",20
1,"Classic Cars","Brickhaven",25
2,"Classic Cars","Los Angeles",42
4,"Classic Cars","Montreal",36
8,"Classic Cars","Bergen",37
13,"Classic Cars","Nashua",30
2,"Classic Cars","Madrid",21
12,"Classic Cars","Madrid",34
3,"Classic Cars","Gensve",42
2,"Classic Cars","Oulu",20
7,"Classic Cars","Liverpool",40
8,"Classic Cars","Reggio Emilia",34
8,"Classic Cars","Las Vegas",31
6,"Classic Cars","Gensve",36
10,"Classic Cars","Oslo",48
4,"Classic Cars","Koln",33
12,"Classic Cars","New Bedford",37
13,"Classic Cars","Philadelphia",27
9,"Classic Cars","Melbourne",39
4,"Classic Cars","Madrid",36
2,"Classic Cars","Pasadena",36
7,"Classic Cars","Madrid",41
5,"Classic Cars","San Rafael",37
2,"Classic Cars","Strasbourg",47
7,"Classic Cars","Salzburg",15
4,"Vintage Cars","Kobenhavn",44
13,"Vintage Cars","Salzburg",35
4,"Vintage Cars","London",41
1,"Vintage Cars","San Rafael",49
2,"Vintage Cars","Glendale",31
11,"Vintage Cars","Boras",20
2,"Vintage Cars","Madrid",45
2,"Vintage Cars","New Bedford",33
8,"Vintage Cars","Barcelona",47
2,"Vintage Cars","Lyon",20
14,"Vintage Cars","San Diego",47
2,"Vintage Cars","Newark",40
5,"Vintage Cars","NYC",30
3,"Vintage Cars","Montreal",22
6,"Vintage Cars","Bruxelles",27
8,"Vintage Cars","Tsawassen",34
3,"Vintage Cars","Boston",46
2,"Vintage Cars","Manchester",31
1,"Vintage Cars","Nantes",24
3,"Vintage Cars","Lule",41
13,"Vintage Cars","Minato-ku",55
9,"Vintage Cars","Madrid",30
12,"Vintage Cars","Oulu",33
2,"Vintage Cars","San Francisco",43
7,"Vintage Cars","San Rafael",27
5,"Vintage Cars","Boston",60
12,"Classic Cars","Manchester",27
11,"Classic Cars","Las Vegas",49
5,"Classic Cars","North Sydney",31
4,"Classic Cars","Aaarhus",20
2,"Classic Cars","Bridgewater",24
15,"Classic Cars","San Rafael",33
3,"Classic Cars","Nashua",32
9,"Classic Cars","NYC",40
2,"Classic Cars","Madrid",27
15,"Classic Cars","Lyon",40
7,"Classic Cars","Strasbourg",26
4,"Classic Cars","NYC",44
4,"Classic Cars","Madrid",33
10,"Classic Cars","Singapore",34
6,"Classic Cars","Liverpool",48
5,"Classic Cars","Madrid",25
2,"Classic Cars","New Bedford",39
12,"Classic Cars","Manchester",45
2,"Classic Cars","Las Vegas",24
1,"Classic Cars","San Rafael",46
9,"Classic Cars","Madrid",44
7,"Classic Cars","San Jose",13
10,"Classic Cars","Chatswood",35
5,"Classic Cars","Makati City",30
9,"Classic Cars","Marseille",34
6,"Classic Cars","San Rafael",27
6,"Classic Cars","Brickhaven",30
1,"Classic Cars","San Francisco",50
1,"Classic Cars","North Sydney",34
13,"Classic Cars","Bergen",23
2,"Classic Cars","Koln",48
7,"Classic Cars","Madrid",34
1,"Classic Cars","Paris",48
8,"Classic Cars","Gensve",24
2,"Classic Cars","Kobenhavn",47
12,"Classic Cars","Liverpool",24
13,"Classic Cars","Reggio Emilia",47
2,"Classic Cars","Brickhaven",20
11,"Classic Cars","Gensve",20
4,"Classic Cars","Frankfurt",31
9,"Classic Cars","Koln",38
2,"Classic Cars","Lule",26
9,"Classic Cars","Philadelphia",25
10,"Classic Cars","Melbourne",48
6,"Classic Cars","Madrid",44
15,"Classic Cars","Espoo",21
6,"Classic Cars","Madrid",46
6,"Classic Cars","San Rafael",46
12,"Classic Cars","Salzburg",55
14,"Vintage Cars","Bergamo",31
5,"Vintage Cars","Salzburg",20
6,"Vintage Cars","Glendale",29
9,"Vintage Cars","New Bedford",33
7,"Vintage Cars","Helsinki",34
3,"Vintage Cars","Boras",32
6,"Vintage Cars","Toulouse",27
3,"Vintage Cars","London",21
6,"Vintage Cars","Makati City",27
2,"Vintage Cars","Los Angeles",36
6,"Vintage Cars","San Diego",43
2,"Vintage Cars","Cambridge",25
11,"Vintage Cars","Madrid",46
3,"Vintage Cars","Brickhaven",24
13,"Vintage Cars","Oslo",39
9,"Vintage Cars","Munich",31
3,"Vintage Cars","Philadelphia",22
11,"Vintage Cars","Cowes",47
2,"Vintage Cars","Bergamo",20
14,"Vintage Cars","Minato-ku",29
4,"Vintage Cars","London",38
6,"Vintage Cars","Chatswood",34
11,"Vintage Cars","Oulu",46
9,"Vintage Cars","Madrid",35
13,"Vintage Cars","Reims",34
3,"Vintage Cars","San Jose",38
2,"Vintage Cars","Glen Waverly",18
14,"Classic Cars","Manchester",37
13,"Classic Cars","Las Vegas",43
7,"Classic Cars","North Sydney",27
6,"Classic Cars","Aaarhus",30
4,"Classic Cars","Bridgewater",22
17,"Classic Cars","San Rafael",49
5,"Classic Cars","Nashua",46
11,"Classic Cars","NYC",48
4,"Classic Cars","Madrid",46
2,"Classic Cars","San Diego",48
9,"Classic Cars","Strasbourg",27
6,"Classic Cars","NYC",43
6,"Classic Cars","Madrid",48
12,"Classic Cars","Singapore",41
2,"Classic Cars","Oslo",22
7,"Classic Cars","Madrid",46
4,"Classic Cars","New Bedford",21
13,"Classic Cars","Manchester",31
6,"Classic Cars","Las Vegas",26
4,"Classic Cars","San Rafael",20
11,"Classic Cars","Madrid",34
9,"Classic Cars","San Jose",43
12,"Classic Cars","Chatswood",26
1,"Vintage Cars","Kobenhavn",50
10,"Vintage Cars","Salzburg",35
1,"Vintage Cars","London",50
14,"Vintage Cars","New Bedford",23
12,"Vintage Cars","Helsinki",37
8,"Vintage Cars","Boras",29
11,"Vintage Cars","Toulouse",21
8,"Vintage Cars","London",36
5,"Vintage Cars","Barcelona",22
7,"Vintage Cars","Los Angeles",22
11,"Vintage Cars","San Diego",46
2,"Vintage Cars","NYC",23
16,"Vintage Cars","Madrid",49
3,"Vintage Cars","Bruxelles",48
5,"Vintage Cars","Tsawassen",33
14,"Vintage Cars","Munich",22
8,"Vintage Cars","Philadelphia",22
16,"Vintage Cars","Cowes",25
2,"Vintage Cars","Lule",20
16,"Vintage Cars","Minato-ku",42
10,"Vintage Cars","Madrid",25
10,"Vintage Cars","Oulu",23
2,"Vintage Cars","San Rafael",37
8,"Vintage Cars","San Rafael",37
8,"Vintage Cars","San Jose",42
2,"Vintage Cars","Boston",51
1,"Classic Cars","Makati City",40
5,"Classic Cars","Marseille",43
2,"Classic Cars","San Rafael",47
2,"Classic Cars","Brickhaven",23
3,"Classic Cars","Los Angeles",35
1,"Classic Cars","Graz",34
9,"Classic Cars","Bergen",25
14,"Classic Cars","Nashua",45
3,"Classic Cars","Madrid",47
13,"Classic Cars","Madrid",49
4,"Classic Cars","Gensve",40
3,"Classic Cars","Oulu",29
8,"Classic Cars","Liverpool",39
9,"Classic Cars","Reggio Emilia",24
9,"Classic Cars","Las Vegas",25
7,"Classic Cars","Gensve",36
11,"Classic Cars","Oslo",50
5,"Classic Cars","Koln",45
13,"Classic Cars","New Bedford",26
1,"Classic Cars","Philadelphia",21
6,"Classic Cars","Melbourne",42
8,"Classic Cars","Madrid",32
1,"Classic Cars","Espoo",31
3,"Classic Cars","Madrid",33
8,"Classic Cars","San Rafael",45
3,"Classic Cars","Strasbourg",76
8,"Classic Cars","Salzburg",70
11,"Planes","Bergamo",50
2,"Planes","Salzburg",28
3,"Planes","Glendale",50
6,"Planes","New Bedford",28
4,"Planes","Helsinki",44
18,"Planes","Burlingame",27
3,"Planes","Toulouse",30
3,"Planes","Makati City",43
16,"Planes","Osaka",29
3,"Planes","San Diego",48
12,"Planes","Tsawassen",33
13,"Planes","San Jose",40
8,"Planes","Madrid",48
18,"Planes","Nantes",41
10,"Planes","Oslo",21
6,"Planes","Munich",32
16,"Planes","White Plains",43
8,"Planes","Cowes",30
3,"Planes","Bergamo",35
11,"Planes","Minato-ku",45
3,"Planes","London",34
7,"Planes","Chatswood",26
13,"Planes","Oulu",39
12,"Planes","Madrid",41
2,"Planes","Reims",41
12,"Planes","Newark",64
13,"Planes","Reggio Emilia",18
1,"Vintage Cars","Nashua",49
5,"Vintage Cars","Manchester",48
4,"Vintage Cars","Las Vegas",46
9,"Vintage Cars","Brisbane",26
7,"Vintage Cars","San Francisco",37
11,"Vintage Cars","Bergamo",35
8,"Vintage Cars","San Rafael",23
12,"Vintage Cars","Glen Waverly",22
2,"Vintage Cars","NYC",39
5,"Vintage Cars","Madrid",44
8,"Vintage Cars","Lyon",27
1,"Vintage Cars","NYC",46
14,"Vintage Cars","Torino",33
3,"Vintage Cars","Singapore",33
1,"Vintage Cars","Sevilla",24
15,"Vintage Cars","San Rafael",31
14,"Vintage Cars","Manchester",41
4,"Vintage Cars","Las Vegas",22
3,"Vintage Cars","San Rafael",46
12,"Vintage Cars","Madrid",43
1,"Vintage Cars","Minato-ku",15
3,"Vintage Cars","Chatswood",15
5,"Classic Cars","Madrid",26
1,"Classic Cars","NYC",44
7,"Classic Cars","NYC",20
1,"Classic Cars","Espoo",40
3,"Classic Cars","South Brisbane",23
8,"Classic Cars","Singapore",24
7,"Classic Cars","Reggio Emilia",29
2,"Classic Cars","Sevilla",49
2,"Classic Cars","White Plains",34
3,"Classic Cars","Boston",28
7,"Classic Cars","Dublin",37
5,"Classic Cars","Frankfurt",45
1,"Classic Cars","Madrid",46
1,"Classic Cars","San Rafael",22
10,"Classic Cars","San Rafael",39
4,"Classic Cars","NYC",27
1,"Classic Cars","Cambridge",36
10,"Classic Cars","Aaarhus",38
5,"Classic Cars","Stavern",44
5,"Classic Cars","Paris",31
2,"Classic Cars","NYC",23
7,"Classic Cars","Reims",22
9,"Classic Cars","San Rafael",28
4,"Classic Cars","Madrid",21
7,"Classic Cars","Madrid",37
1,"Classic Cars","Madrid",31
15,"Vintage Cars","Stavern",25
3,"Vintage Cars","San Francisco",26
15,"Vintage Cars","Madrid",34
4,"Vintage Cars","Chatswood",29
1,"Vintage Cars","Brisbane",20
5,"Vintage Cars","NYC",42
3,"Vintage Cars","Bergamo",22
12,"Vintage Cars","Philadelphia",47
4,"Vintage Cars","Glen Waverly",20
10,"Vintage Cars","Vancouver",33
7,"Vintage Cars","Burbank",39
6,"Vintage Cars","Cambridge",33
4,"Vintage Cars","Madrid",40
4,"Vintage Cars","San Jose",46
2,"Vintage Cars","Salzburg",48
6,"Vintage Cars","Torino",21
1,"Vintage Cars","Brickhaven",45
10,"Vintage Cars","Versailles",33
7,"Vintage Cars","San Rafael",44
3,"Vintage Cars","NYC",33
1,"Vintage Cars","San Francisco",39
2,"Vintage Cars","Madrid",39
6,"Vintage Cars","Madrid",41
3,"Vintage Cars","Brickhaven",40
4,"Vintage Cars","San Rafael",33
4,"Vintage Cars","Bruxelles",28
3,"Planes","Bergamo",26
9,"Planes","Melbourne",29
4,"Planes","Madrid",46
15,"Planes","Pasadena",33
10,"Planes","Burlingame",48
8,"Planes","Osaka",40
10,"Planes","Melbourne",23
4,"Planes","Tsawassen",40
5,"Planes","San Jose",37
11,"Planes","Bridgewater",24
10,"Planes","Nantes",27
2,"Planes","Oslo",21
5,"Planes","Dublin",23
8,"Planes","White Plains",44
1,"Planes","Burlingame",35
4,"Planes","Bergamo",43
1,"Planes","Barcelona",40
3,"Planes","Glendale",35
1,"Planes","Chatswood",25
2,"Planes","Nantes",43
8,"Planes","Madrid",50
14,"Planes","Reims",45
4,"Planes","Newark",52
5,"Planes","Reggio Emilia",48
10,"Classic Cars","Makati City",31
14,"Classic Cars","Marseille",29
11,"Classic Cars","San Rafael",23
11,"Classic Cars","Brickhaven",31
6,"Classic Cars","San Francisco",23
6,"Classic Cars","North Sydney",24
1,"Classic Cars","Lille",28
7,"Classic Cars","Koln",44
6,"Classic Cars","Paris",22
13,"Classic Cars","Gensve",46
7,"Classic Cars","Kobenhavn",22
3,"Classic Cars","Paris",38
1,"Classic Cars","Boston",47
7,"Classic Cars","Brickhaven",48
16,"Classic Cars","Gensve",40
1,"Classic Cars","Helsinki",32
14,"Classic Cars","Koln",49
2,"Classic Cars","NYC",43
2,"Classic Cars","Philadelphia",41
1,"Classic Cars","Reims",30
9,"Classic Cars","Madrid",28
9,"Classic Cars","Espoo",43
2,"Classic Cars","Madrid",41
10,"Classic Cars","San Rafael",30
3,"Trucks and Buses","Stavern",31
7,"Trucks and Buses","Paris",32
3,"Trucks and Buses","Madrid",43
3,"Trucks and Buses","Burlingame",26
10,"Trucks and Buses","Oulu",27
1,"Trucks and Buses","Graz",24
8,"Trucks and Buses","London",22
13,"Trucks and Buses","Sevilla",46
3,"Trucks and Buses","Lyon",37
14,"Trucks and Buses","Boston",49
3,"Trucks and Buses","Singapore",21
8,"Trucks and Buses","San Rafael",25
1,"Trucks and Buses","New Haven",37
11,"Trucks and Buses","Singapore",45
1,"Trucks and Buses","Chatswood",32
8,"Trucks and Buses","Allentown",29
3,"Trucks and Buses","Boras",26
12,"Trucks and Buses","Cambridge",28
6,"Trucks and Buses","Vancouver",27
11,"Trucks and Buses","NYC",20
1,"Trucks and Buses","San Rafael",44
3,"Trucks and Buses","Madrid",42
1,"Trucks and Buses","Madrid",41
1,"Trucks and Buses","San Rafael",26
6,"Trucks and Buses","San Rafael",26
1,"Trucks and Buses","Montreal",26
11,"Trucks and Buses","Nantes",41
8,"Motorcycles","NYC",20
6,"Motorcycles","Melbourne",22
1,"Motorcycles","Madrid",23
12,"Motorcycles","Pasadena",33
7,"Motorcycles","Burlingame",28
7,"Motorcycles","Bergen",44
5,"Motorcycles","Osaka",46
7,"Motorcycles","Melbourne",21
1,"Motorcycles","Tsawassen",41
2,"Motorcycles","San Jose",31
8,"Motorcycles","Bridgewater",31
7,"Motorcycles","Nantes",23
12,"Motorcycles","Cambridge",37
2,"Motorcycles","Dublin",26
5,"Motorcycles","White Plains",24
7,"Motorcycles","Allentown",47
11,"Motorcycles","NYC",45
2,"Motorcycles","Barcelona",55
5,"Motorcycles","Glendale",46
2,"Motorcycles","Espoo",50
3,"Motorcycles","Nantes",37
1,"Motorcycles","Singapore",44
1,"Motorcycles","Newark",49
2,"Motorcycles","Reggio Emilia",45
13,"Motorcycles","Makati City",27
17,"Motorcycles","Marseille",31
14,"Motorcycles","San Rafael",33
1,"Motorcycles","Pasadena",31
9,"Motorcycles","San Francisco",35
9,"Motorcycles","North Sydney",26
4,"Motorcycles","Lille",34
1,"Motorcycles","Madrid",46
9,"Motorcycles","Paris",41
2,"Motorcycles","Lille",43
2,"Motorcycles","NYC",26
6,"Motorcycles","Paris",36
4,"Motorcycles","Boston",20
10,"Motorcycles","Brickhaven",27
1,"Motorcycles","Cambridge",37
4,"Motorcycles","Helsinki",24
17,"Motorcycles","Koln",36
5,"Motorcycles","NYC",29
3,"Motorcycles","Philadelphia",28
5,"Motorcycles","Reims",29
10,"Motorcycles","Madrid",38
1,"Motorcycles","Marseille",48
1,"Motorcycles","Madrid",40
11,"Motorcycles","San Rafael",41
2,"Motorcycles","Liverpool",30
11,"Trucks and Buses","Madrid",35
2,"Trucks and Buses","Paris",28
13,"Trucks and Buses","NYC",45
7,"Trucks and Buses","Espoo",24
5,"Trucks and Buses","Oulu",41
14,"Trucks and Buses","Singapore",48
3,"Trucks and Buses","London",50
8,"Trucks and Buses","Sevilla",33
8,"Trucks and Buses","White Plains",32
9,"Trucks and Buses","Boston",27
4,"Trucks and Buses","Brisbane",35
3,"Trucks and Buses","San Rafael",23
7,"Trucks and Buses","Madrid",35
6,"Trucks and Buses","Singapore",40
7,"Trucks and Buses","San Rafael",35
3,"Trucks and Buses","Allentown",31
10,"Trucks and Buses","NYC",50
7,"Trucks and Buses","Cambridge",40
1,"Trucks and Buses","Vancouver",38
3,"Trucks and Buses","Stavern",38
3,"Trucks and Buses","San Rafael",40
1,"Trucks and Buses","NYC",33
3,"Trucks and Buses","Reims",36
2,"Trucks and Buses","San Rafael",20
5,"Trucks and Buses","Madrid",32
3,"Trucks and Buses","Madrid",36
7,"Trucks and Buses","Madrid",19
6,"Trucks and Buses","Nantes",11
4,"Trains","Madrid",49
1,"Trains","Charleroi",27
6,"Trains","NYC",29
16,"Trains","San Rafael",42
2,"Trains","South Brisbane",33
7,"Trains","Singapore",44
6,"Trains","Reggio Emilia",22
1,"Trains","Sevilla",48
1,"Trains","White Plains",33
2,"Trains","Boston",45
6,"Trains","Dublin",20
4,"Trains","Frankfurt",46
6,"Trains","Espoo",40
6,"Trains","Allentown",45
9,"Trains","San Rafael",36
3,"Trains","NYC",31
17,"Trains","Manchester",46
9,"Trains","Aaarhus",35
2,"Trains","Stavern",28
9,"Trains","Paris",31
14,"Trains","Madrid",27
1,"Trains","Reims",22
11,"Trains","San Rafael",30
8,"Trains","Madrid",44
4,"Trains","Madrid",30
6,"Trains","Bridgewater",24
7,"Trucks and Buses","Stavern",45
1,"Trucks and Buses","San Rafael",23
7,"Trucks and Buses","Madrid",26
7,"Trucks and Buses","Burlingame",28
4,"Trucks and Buses","Singapore",49
5,"Trucks and Buses","Graz",49
12,"Trucks and Buses","London",29
4,"Trucks and Buses","Philadelphia",49
7,"Trucks and Buses","Lyon",39
2,"Trucks and Buses","Vancouver",36
7,"Trucks and Buses","Singapore",39
12,"Trucks and Buses","San Rafael",30
5,"Trucks and Buses","New Haven",44
2,"Trucks and Buses","Minato-ku",20
5,"Trucks and Buses","Chatswood",21
12,"Trucks and Buses","Allentown",36
7,"Trucks and Buses","Boras",32
2,"Trucks and Buses","Versailles",36
10,"Trucks and Buses","Vancouver",34
4,"Trucks and Buses","NYC",48
4,"Trucks and Buses","San Francisco",33
5,"Trucks and Buses","Madrid",31
2,"Trucks and Buses","Madrid",36
3,"Trucks and Buses","North Sydney",25
8,"Trucks and Buses","San Rafael",48
5,"Trucks and Buses","Montreal",27
2,"Trucks and Buses","Madrid",44
5,"Vintage Cars","Bergamo",33
11,"Vintage Cars","Melbourne",29
6,"Vintage Cars","Madrid",49
1,"Vintage Cars","Charleroi",20
12,"Vintage Cars","Burlingame",31
10,"Vintage Cars","Osaka",39
12,"Vintage Cars","Melbourne",20
6,"Vintage Cars","Tsawassen",34
7,"Vintage Cars","San Jose",50
2,"Vintage Cars","Madrid",40
12,"Vintage Cars","Nantes",28
4,"Vintage Cars","Oslo",50
7,"Vintage Cars","Dublin",28
10,"Vintage Cars","White Plains",46
2,"Vintage Cars","Cowes",24
5,"Vintage Cars","Bergamo",24
3,"Vintage Cars","Barcelona",39
7,"Vintage Cars","Glendale",40
2,"Vintage Cars","Chatswood",49
4,"Vintage Cars","Nantes",44
8,"Vintage Cars","New Bedford",35
4,"Vintage Cars","Reims",22
6,"Vintage Cars","Newark",62
7,"Vintage Cars","Reggio Emilia",26
16,"Motorcycles","Makati City",31
3,"Motorcycles","Reims",25
17,"Motorcycles","San Rafael",30
4,"Motorcycles","Pasadena",27
12,"Motorcycles","San Francisco",23
12,"Motorcycles","North Sydney",34
7,"Motorcycles","Lille",22
4,"Motorcycles","Madrid",42
12,"Motorcycles","Paris",37
5,"Motorcycles","Lille",30
5,"Motorcycles","NYC",27
9,"Motorcycles","Paris",25
7,"Motorcycles","Boston",34
13,"Motorcycles","Brickhaven",38
4,"Motorcycles","Cambridge",26
7,"Motorcycles","Helsinki",38
3,"Motorcycles","Stavern",50
8,"Motorcycles","NYC",22
4,"Motorcycles","Philadelphia",32
4,"Motorcycles","Salzburg",31
5,"Motorcycles","Madrid",40
3,"Motorcycles","New Bedford",22
15,"Motorcycles","Nantes",41
12,"Motorcycles","San Rafael",45
5,"Motorcycles","Liverpool",45
6,"Vintage Cars","Bergamo",39
12,"Vintage Cars","Melbourne",49
7,"Vintage Cars","Madrid",27
1,"Vintage Cars","New Bedford",34
1,"Vintage Cars","Madrid",20
13,"Vintage Cars","Burlingame",48
1,"Vintage Cars","Burbank",29
11,"Vintage Cars","Osaka",43
13,"Vintage Cars","Melbourne",41
7,"Vintage Cars","Tsawassen",41
8,"Vintage Cars","San Jose",36
3,"Vintage Cars","Madrid",49
13,"Vintage Cars","Nantes",38
5,"Vintage Cars","Oslo",33
1,"Vintage Cars","Munich",26
11,"Vintage Cars","White Plains",47
3,"Vintage Cars","Cowes",34
7,"Vintage Cars","Bergamo",34
4,"Vintage Cars","Barcelona",40
8,"Vintage Cars","Glendale",40
3,"Vintage Cars","Chatswood",33
5,"Vintage Cars","Nantes",49
1,"Vintage Cars","New Bedford",27
5,"Vintage Cars","Reims",49
7,"Vintage Cars","Newark",56
8,"Vintage Cars","Reggio Emilia",37
7,"Trucks and Buses","Madrid",33
3,"Trucks and Buses","NYC",27
9,"Trucks and Buses","NYC",46
3,"Trucks and Buses","Espoo",44
1,"Trucks and Buses","Oulu",26
10,"Trucks and Buses","Singapore",48
9,"Trucks and Buses","Reggio Emilia",23
4,"Trucks and Buses","Sevilla",45
4,"Trucks and Buses","White Plains",49
5,"Trucks and Buses","Boston",28
9,"Trucks and Buses","Dublin",37
7,"Trucks and Buses","Frankfurt",34
3,"Trucks and Buses","Madrid",22
2,"Trucks and Buses","Singapore",29
3,"Trucks and Buses","San Rafael",34
12,"Trucks and Buses","San Rafael",38
6,"Trucks and Buses","NYC",41
3,"Trucks and Buses","Cambridge",42
12,"Trucks and Buses","Aaarhus",28
4,"Trucks and Buses","Stavern",38
8,"Trucks and Buses","Paris",23
8,"Trucks and Buses","Madrid",31
2,"Trucks and Buses","Reims",46
10,"Trucks and Buses","San Rafael",48
13,"Trucks and Buses","Madrid",29
4,"Trucks and Buses","Paris",46
3,"Trucks and Buses","Madrid",26
2,"Trucks and Buses","Nantes",18
2,"Trains","Madrid",32
11,"Trains","Singapore",21
4,"Trains","NYC",46
14,"Trains","San Rafael",42
13,"Trains","Madrid",31
5,"Trains","Singapore",38
4,"Trains","Reggio Emilia",38
15,"Trains","New Bedford",20
7,"Trains","New Haven",46
15,"Trains","Lyon",30
4,"Trains","Dublin",30
2,"Trains","Frankfurt",43
4,"Trains","Espoo",49
4,"Trains","Allentown",43
7,"Trains","San Rafael",37
1,"Trains","NYC",35
15,"Trains","Manchester",34
7,"Trains","Aaarhus",38
7,"Trains","Stavern",44
6,"Trains","NYC",21
17,"Trains","Madrid",44
4,"Trains","Reims",25
9,"Trains","Minato-ku",24
10,"Trains","Madrid",38
3,"Trains","Paris",45
4,"Trains","Bridgewater",51
14,"Motorcycles","Makati City",34
1,"Motorcycles","Reims",44
15,"Motorcycles","San Rafael",44
2,"Motorcycles","Pasadena",38
10,"Motorcycles","San Francisco",31
10,"Motorcycles","North Sydney",48
5,"Motorcycles","Lille",21
2,"Motorcycles","Madrid",40
10,"Motorcycles","Paris",40
3,"Motorcycles","Lille",50
3,"Motorcycles","NYC",20
7,"Motorcycles","Paris",48
5,"Motorcycles","Boston",47
11,"Motorcycles","Brickhaven",21
2,"Motorcycles","Cambridge",39
5,"Motorcycles","Helsinki",44
1,"Motorcycles","Stavern",28
6,"Motorcycles","NYC",45
5,"Motorcycles","Philadelphia",20
3,"Motorcycles","Salzburg",38
4,"Motorcycles","Paris",26
2,"Motorcycles","New Bedford",44
8,"Motorcycles","Nantes",49
13,"Motorcycles","San Rafael",22
3,"Motorcycles","Liverpool",31
5,"Ships","Kobenhavn",41
14,"Ships","Salzburg",25
5,"Ships","London",31
2,"Ships","San Rafael",41
1,"Ships","Madrid",43
12,"Ships","Boras",43
3,"Ships","Madrid",24
3,"Ships","New Bedford",21
9,"Ships","Barcelona",23
3,"Ships","Lyon",38
15,"Ships","San Diego",31
3,"Ships","Newark",36
6,"Ships","NYC",36
4,"Ships","Montreal",34
7,"Ships","Bruxelles",21
9,"Ships","Tsawassen",45
4,"Ships","Boston",26
3,"Ships","Manchester",50
2,"Ships","Nantes",41
1,"Ships","Lule",39
5,"Ships","Minato-ku",22
11,"Ships","Madrid",46
14,"Ships","Oulu",44
1,"Ships","San Rafael",25
1,"Ships","San Rafael",39
6,"Ships","Boston",37
7,"Planes","Bergamo",31
13,"Planes","Melbourne",47
8,"Planes","Madrid",24
2,"Planes","New Bedford",36
2,"Planes","Madrid",48
14,"Planes","Burlingame",28
2,"Planes","Burbank",48
12,"Planes","Osaka",21
14,"Planes","Melbourne",25
8,"Planes","Tsawassen",25
9,"Planes","San Jose",31
4,"Planes","Madrid",40
14,"Planes","Nantes",32
6,"Planes","Oslo",24
2,"Planes","Munich",42
12,"Planes","White Plains",21
4,"Planes","Cowes",34
8,"Planes","Bergamo",27
5,"Planes","Barcelona",30
9,"Planes","Glendale",39
4,"Planes","Chatswood",20
6,"Planes","Nantes",37
2,"Planes","New Bedford",46
6,"Planes","Reims",47
8,"Planes","Newark",11
9,"Planes","Reggio Emilia",23
12,"Ships","Kobenhavn",29
6,"Ships","Singapore",38
3,"Ships","Madrid",32
9,"Ships","San Rafael",43
8,"Ships","Madrid",31
3,"Ships","New Bedford",29
10,"Ships","Madrid",31
10,"Ships","New Bedford",30
2,"Ships","New Haven",50
10,"Ships","Lyon",40
4,"Ships","Bruxelles",23
7,"Ships","Cowes",26
13,"Ships","NYC",40
14,"Ships","Bruxelles",21
2,"Ships","San Rafael",43
5,"Ships","Torino",29
10,"Ships","Manchester",38
2,"Ships","Aaarhus",23
7,"Ships","Kobenhavn",20
9,"Ships","NYC",36
4,"Ships","Madrid",28
2,"Ships","Minato-ku",44
1,"Ships","San Francisco",49
5,"Ships","Toulouse",32
13,"Ships","Boston",34
16,"Ships","Bergamo",30
7,"Ships","Salzburg",29
8,"Ships","Glendale",22
11,"Ships","New Bedford",26
9,"Ships","Helsinki",32
5,"Ships","Boras",29
8,"Ships","Toulouse",34
5,"Ships","London",24
2,"Ships","Barcelona",24
4,"Ships","Los Angeles",33
8,"Ships","San Diego",26
4,"Ships","Cambridge",40
13,"Ships","Madrid",44
5,"Ships","Brickhaven",24
2,"Ships","Tsawassen",20
11,"Ships","Munich",34
5,"Ships","Philadelphia",34
13,"Ships","Cowes",45
9,"Ships","Bergamo",41
15,"Ships","Minato-ku",55
3,"Ships","Brickhaven",23
14,"Ships","Chatswood",24
15,"Ships","Oulu",32
13,"Ships","Madrid",29
7,"Ships","Reims",36
5,"Ships","San Jose",46
4,"Ships","Glen Waverly",32
9,"Planes","Bergamo",34
15,"Planes","Melbourne",24
1,"Planes","Glendale",40
4,"Planes","New Bedford",26
2,"Planes","Helsinki",20
16,"Planes","Burlingame",31
1,"Planes","Toulouse",22
1,"Planes","Makati City",42
14,"Planes","Osaka",26
1,"Planes","San Diego",37
10,"Planes","Tsawassen",38
11,"Planes","San Jose",35
6,"Planes","Madrid",33
16,"Planes","Nantes",39
8,"Planes","Oslo",45
4,"Planes","Munich",24
14,"Planes","White Plains",35
6,"Planes","Cowes",23
10,"Planes","Bergamo",37
7,"Planes","Barcelona",55
2,"Planes","Brickhaven",49
9,"Planes","Chatswood",26
1,"Planes","Nantes",33
14,"Planes","Madrid",37
8,"Planes","Reims",22
10,"Planes","Newark",85
11,"Planes","Reggio Emilia",22
3,"Ships","Kobenhavn",31
12,"Ships","Salzburg",38
3,"Ships","London",45
16,"Ships","New Bedford",31
1,"Ships","Glendale",36
10,"Ships","Boras",46
1,"Ships","Madrid",32
1,"Ships","New Bedford",39
7,"Ships","Barcelona",50
1,"Ships","Lyon",46
13,"Ships","San Diego",36
1,"Ships","Newark",29
4,"Ships","NYC",32
2,"Ships","Montreal",44
5,"Ships","Bruxelles",42
7,"Ships","Tsawassen",47
2,"Ships","Boston",44
1,"Ships","Manchester",43
18,"Ships","Cowes",48
1,"Ships","Kobenhavn",21
9,"Ships","Minato-ku",50
12,"Ships","Madrid",29
16,"Ships","Oulu",41
10,"Ships","Madrid",37
4,"Ships","Toulouse",22
4,"Ships","Boston",31
6,"Classic Cars","Stavern",42
10,"Classic Cars","Paris",42
6,"Classic Cars","Madrid",45
6,"Classic Cars","Burlingame",36
3,"Classic Cars","Singapore",20
4,"Classic Cars","Graz",39
11,"Classic Cars","London",42
3,"Classic Cars","Philadelphia",23
6,"Classic Cars","Lyon",26
1,"Classic Cars","Vancouver",33
6,"Classic Cars","Singapore",31
11,"Classic Cars","San Rafael",50
4,"Classic Cars","New Haven",44
1,"Classic Cars","Minato-ku",45
4,"Classic Cars","Chatswood",46
11,"Classic Cars","Allentown",27
6,"Classic Cars","Boras",28
1,"Classic Cars","Versailles",40
9,"Classic Cars","Vancouver",30
5,"Classic Cars","NYC",34
2,"Classic Cars","Paris",46
7,"Classic Cars","Madrid",32
3,"Classic Cars","Madrid",27
3,"Classic Cars","San Rafael",34
9,"Classic Cars","San Rafael",34
4,"Classic Cars","Montreal",34
1,"Classic Cars","Madrid",46
1,"Planes","Bergamo",32
7,"Planes","Melbourne",24
2,"Planes","Madrid",27
13,"Planes","Pasadena",20
8,"Planes","Burlingame",36
8,"Planes","Bergen",29
6,"Planes","Osaka",25
8,"Planes","Melbourne",29
2,"Planes","Tsawassen",25
3,"Planes","San Jose",44
9,"Planes","Bridgewater",47
8,"Planes","Nantes",48
13,"Planes","Cambridge",45
3,"Planes","Dublin",35
6,"Planes","White Plains",31
8,"Planes","Allentown",50
11,"Planes","Bergamo",33
6,"Planes","Barcelona",29
4,"Planes","Glendale",48
5,"Planes","Chatswood",44
10,"Planes","Nantes",25
3,"Planes","New Bedford",50
9,"Planes","Reims",23
2,"Planes","Newark",21
3,"Planes","Reggio Emilia",41
8,"Planes","Bergamo",44
14,"Planes","Melbourne",43
3,"Planes","New Bedford",28
1,"Planes","Helsinki",43
15,"Planes","Burlingame",48
3,"Planes","Burbank",38
13,"Planes","Osaka",31
15,"Planes","Melbourne",26
9,"Planes","Tsawassen",32
10,"Planes","San Jose",44
5,"Planes","Madrid",27
15,"Planes","Nantes",43
7,"Planes","Oslo",25
3,"Planes","Munich",22
13,"Planes","White Plains",21
5,"Planes","Cowes",48
13,"Planes","Bergamo",33
5,"Planes","Salzburg",34
6,"Planes","Glendale",43
10,"Planes","Chatswood",44
11,"Planes","Nantes",44
17,"Planes","Madrid",32
10,"Planes","Reims",29
9,"Planes","Newark",77
10,"Planes","Reggio Emilia",39
6,"Ships","Kobenhavn",39
1,"Ships","Barcelona",36
6,"Ships","London",42
3,"Ships","San Rafael",21
2,"Ships","Madrid",50
13,"Ships","Boras",24
4,"Ships","Madrid",44
4,"Ships","New Bedford",37
10,"Ships","Barcelona",27
4,"Ships","Lyon",37
16,"Ships","San Diego",38
1,"Ships","Cowes",48
7,"Ships","NYC",30
5,"Ships","Montreal",25
8,"Ships","Bruxelles",40
10,"Ships","Tsawassen",22
5,"Ships","Boston",34
4,"Ships","Manchester",32
3,"Ships","Nantes",31
2,"Ships","Kobenhavn",43
1,"Ships","NYC",31
13,"Ships","Madrid",31
2,"Ships","Oulu",34
2,"Ships","Madrid",45
3,"Ships","Toulouse",48
7,"Ships","Boston",28
7,"Ships","Kobenhavn",22
1,"Ships","Singapore",45
7,"Ships","London",30
4,"Ships","San Rafael",38
3,"Ships","Madrid",20
14,"Ships","Boras",28
5,"Ships","Madrid",24
5,"Ships","New Bedford",22
11,"Ships","Barcelona",35
5,"Ships","Lyon",33
17,"Ships","San Diego",31
2,"Ships","Cowes",35
8,"Ships","NYC",35
6,"Ships","Montreal",50
9,"Ships","Bruxelles",26
11,"Ships","Tsawassen",38
1,"Ships","Brickhaven",45
5,"Ships","Manchester",30
4,"Ships","Nantes",37
3,"Ships","Kobenhavn",37
7,"Ships","NYC",36
16,"Ships","Madrid",25
8,"Ships","Oulu",37
3,"Ships","Madrid",30
2,"Ships","Toulouse",36
8,"Ships","Boston",27
10,"Planes","Bergamo",48
1,"Planes","Salzburg",26
2,"Planes","Glendale",26
5,"Planes","New Bedford",34
3,"Planes","Helsinki",44
17,"Planes","Burlingame",39
2,"Planes","Toulouse",45
2,"Planes","Makati City",40
15,"Planes","Osaka",42
2,"Planes","San Diego",43
11,"Planes","Tsawassen",34
12,"Planes","San Jose",38
7,"Planes","Madrid",35
17,"Planes","Nantes",31
9,"Planes","Oslo",32
5,"Planes","Munich",47
15,"Planes","White Plains",39
7,"Planes","Cowes",44
12,"Planes","Bergamo",39
8,"Planes","Minato-ku",50
1,"Planes","Brickhaven",22
11,"Planes","Chatswood",35
17,"Planes","Oulu",45
15,"Planes","Madrid",44
12,"Planes","Reims",36
11,"Planes","Newark",28
12,"Planes","Reggio Emilia",43
15,"Planes","Bergamo",48
6,"Planes","Salzburg",28
7,"Planes","Glendale",21
10,"Planes","New Bedford",37
8,"Planes","Helsinki",34
4,"Planes","Boras",40
7,"Planes","Toulouse",45
4,"Planes","London",28
1,"Planes","Barcelona",29
3,"Planes","Los Angeles",48
7,"Planes","San Diego",31
3,"Planes","Cambridge",32
12,"Planes","Madrid",21
4,"Planes","Brickhaven",32
1,"Planes","Tsawassen",43
10,"Planes","Munich",21
4,"Planes","Philadelphia",34
12,"Planes","Cowes",34
8,"Planes","NYC",44
6,"Planes","Minato-ku",27
4,"Planes","Brickhaven",49
12,"Planes","Chatswood",23
9,"Planes","Oulu",25
16,"Planes","Madrid",50
1,"Planes","Reims",34
4,"Planes","San Jose",20
3,"Planes","Glen Waverly",42
8,"Ships","Kobenhavn",25
2,"Ships","Singapore",50
8,"Ships","London",32
5,"Ships","San Rafael",39
4,"Ships","Madrid",50
15,"Ships","Boras",38
6,"Ships","Madrid",40
6,"Ships","New Bedford",28
12,"Ships","Barcelona",42
6,"Ships","Lyon",42
18,"Ships","San Diego",36
3,"Ships","Cowes",24
9,"Ships","NYC",23
7,"Ships","Montreal",29
10,"Ships","Bruxelles",37
12,"Ships","Tsawassen",33
1,"Ships","Torino",32
6,"Ships","Manchester",35
5,"Ships","Nantes",40
4,"Ships","Kobenhavn",37
5,"Ships","NYC",42
15,"Ships","Madrid",20
1,"Ships","Oulu",29
4,"Ships","Madrid",43
1,"Ships","Toulouse",34
9,"Ships","Boston",47
